from,Abu Dhabi,Aliaga,Altamira,Andres,Aqaba,Arun,Arzew,Bahia Blanca,Balhaf,Barcelona,Barrow Island,Bilbao,Bintulu,Bonny,Bontang,Cai Mep,Cameron,Canaport,Cartagena,Chita,Costa Azul,Cove Point,Dabhol,Dahej,Dalian,Damietta,Dampier,Dapeng,Darwin,Elba,Escobar,Everett,Fos Sur Mer,Freeport,Fujian,Futtsu,Gladstone,Golden Pass,Guanabara,H-Ohgishima,Hadera,Hainan,Hammerfest,Hatsukaichi,Hazira,Himeji,Huelva,Idku,Inchon,Isle of Grain,Jakarta,Jebel Ali,Jiangsu,Joetsu,Kagoshima,Karachi,Kawagoe,Kenai,Klaipeda,Kochi,Kwangyang,La Coruna,Lake Charles,Limassol,Livorno,Malacca,Malta,Manzanillo,Map Ta Phut,Marmara,Marsa Brega,Mejillones,Milford Haven,Mina Al Ahmadi,Mizushima,Montoir,Negishi,Niigata,Ningbo,Oita,Okinawa,Otaru,P.Melchorita,Pecem,Penuelas,Pluto LNG,Point Fortin,Port Moresby,Port Qasim,Prigorodnoye,Puerto Bahia,Punta Europa,Pyongtaek,Qalhat,Quintero,Ras Laffan,Reganosa,Revithoussa,Rotterdam,Rovigo,Sabine Pass,Sagunto,Sakai,Salvador,Samchok,Senboku,Seria,Shanghai,Sines,Singapore,Skikda,Sodeshi,Sokhna,Soyo,Swinoujscie,Tabangao,Taichung,Tangguh,Teesport,Tobata,Tokyo,Yanai,Yokkaichi,Yung An,Zeebrugge
Abu Dhabi,,11924,12733,11064,2857,3035,10537,8904,1433,10798,4662,10868,4148,7578,4837,4141,12645,11847,10524,6311,11321,12017,1222,1196,6183,12171,4695,4971,5267,12008,8841,11888,10979,12671,5546,6426,7320,12640,8412,6432,12284,4877,12559,6151,1233,6251,10282,12095,6108,11357,3852,81,5851,6474,5919,791,6313,9759,12297,1656,5997,10629,12650,12189,11144,3394,11269,12321,4274,12060,11672,11653,11093,458,6199,10959,6425,6522,5645,6082,5604,6782,12194,8834,10915,4692,10531,6277,775,6980,11362,7554,6112,476,11062,214,10634,11793,11376,11985,12637,10685,6228,8478,6202,6228,4245,5781,10273,3516,10883,6354,2857,6960,12104,4865,5486,5498,11580,6055,6428,6109,6313,5140,11312
Aliaga,11933,,6561,5215,,11929,1425,7251,13290,1328,11921,2569,13022,5040,12877,13035,6440,4620,1432,15205,13937,5095,11761,11599,15077,601,11955,13865,12919,5355,6984,4696,1326,6471,14440,15320,14006,6436,5864,15326,676,13771,4293,15045,11552,15144,1779,565,15002,3058,12017,11891,14745,15368,14813,,15207,16181,3998,11314,14891,2330,6445,561,1199,12287,671,12973,13168,244,673,10245,2794,12242,15093,2660,15319,15416,14539,14976,14497,15676,10786,4682,5082,11952,5106,13955,12293,15874,5769,5108,15006,11503,9654,12017,2335,212,3077,1000,6432,1401,15122,5178,15096,15122,13119,14675,1938,12410,1073,15248,,5463,3805,13737,14380,13459,3281,14949,15322,15003,15207,14034,3013
Altamira,12737,6558,,1735,,12734,5171,6836,14094,5432,12725,4920,13827,6346,13682,13839,544,2442,5158,16010,13536,1922,12565,12403,15882,6804,12759,14670,13723,1474,6570,2292,5613,449,15244,16125,13674,514,5449,16130,6917,14575,5568,15849,12356,15949,4848,6729,15806,5168,12821,12696,15549,16172,15618,,16011,15780,5812,12118,15695,4690,550,6822,5777,13092,5903,12572,13972,6693,6306,9844,4771,13047,15897,4918,16123,16221,15343,15780,15302,16480,10385,3933,1890,12756,2333,14476,13098,16678,1667,6414,15810,12307,9253,12822,4694,6426,5187,6619,511,5319,15926,4757,15900,15927,13923,15479,4721,13215,5517,16052,,6769,5618,14542,15185,14264,5198,15754,16126,15807,16011,14839,5123
Andres,11068,5212,1735,,,11065,3825,5167,12425,4086,11056,3692,12158,4667,12013,12170,1647,1752,3812,14341,11867,1400,10896,10734,14213,5458,11090,13001,12054,1199,4900,1602,4267,1674,13575,14456,12005,1643,3780,14461,5571,12906,4597,14180,10687,14280,3506,5383,14137,4031,11152,11027,13880,14503,13949,,14342,14111,4752,10449,14026,3456,1652,5476,4432,11423,4557,10903,12303,5347,4960,8175,3656,11378,14228,3742,14454,14552,13674,14111,13633,14811,8716,2265,180,11087,694,12807,11428,15009,620,4735,14141,10638,7584,11153,3460,5080,4050,5273,1639,3973,14257,3087,14231,14258,12254,13810,3399,11546,4171,14383,,5080,4559,12873,13515,12595,4139,14085,14457,14138,14342,13169,3986
Aqaba,2857,,,,,4457,11426,,1456,11693,6032,,,8467,6118,,,,11415,,,,,,,,6076,,6686,,,,,13577,,,,,,,,,13429,,,,11184,,,,,,,,,,,,,3152,,,,,,,,,,,,,,,,,,,,,,,12053,,,6073,11381,,,8378,,8435,,2397,,2945,11515,,12257,,13549,11574,,,,,5606,,,4946,11777,,,7829,,,,6856,,,,,,,
Arun,3039,11926,12735,11066,4457,,10539,8906,3439,10800,2239,10870,1130,7580,1921,1123,12647,11849,10526,3293,8303,12019,1896,2191,3165,12173,2245,1953,2490,12010,8843,11890,10981,12673,2528,3408,4447,12642,8414,3414,12286,1859,12561,3133,2111,3232,10284,12097,3090,11359,1261,2998,2833,3456,2901,2430,3295,6741,12299,1405,2979,10631,12652,12191,11146,375,11271,9303,1256,12062,11674,10620,11095,3349,3181,10961,3407,3504,2627,3064,2585,3764,11161,8836,10917,2242,10533,3403,2440,3962,11363,7556,3094,2609,10029,3124,10636,11795,11378,11987,12639,10687,3210,8480,3184,3210,1227,2762,10275,498,10885,3336,4457,6962,12106,1847,2468,2582,11582,3037,3410,3090,3294,2122,11314
Arzew,10542,1422,5170,3825,11426,10539,,5861,11899,352,10530,1179,11632,3649,11487,11644,5049,3230,114,13815,12547,3704,10371,10208,13687,1668,10564,12475,11528,3965,5594,3306,527,5080,13049,13930,12616,5045,4474,13935,1781,12380,2902,13654,10161,13754,389,1593,13611,1668,10627,10501,13354,13978,13423,10253,13816,14791,2608,9923,13500,940,5055,1686,666,10897,767,11582,11777,1557,1170,8855,1404,10852,13702,1269,13929,14026,13148,13585,13107,14285,9396,3291,3691,10561,3715,12565,10903,14483,4378,3717,13615,10112,8264,10627,944,1290,1687,1482,5042,242,13731,3788,13705,13732,11728,13284,548,11020,381,13857,11426,4073,2415,12347,12990,12069,1890,13559,13931,13612,13816,12644,1623
Bahia Blanca,8908,7247,6836,5167,,8905,5860,,10265,6121,8827,6164,9998,4668,9853,10010,6748,6168,5847,10422,7010,6187,8737,8574,11114,7494,8861,10759,9153,6120,702,6148,6302,6774,10748,10351,7149,6744,1461,10357,7606,10746,7785,10600,8527,10629,5605,7418,10983,6647,8993,8867,10850,10884,10502,,10423,9255,7587,8289,10757,5926,6753,7511,6467,9263,6592,6046,10143,7382,6995,3319,6372,9218,10673,6255,10350,10827,10710,10531,10332,10811,3860,2937,5018,8857,4635,7951,9269,10728,5465,4718,10987,8478,2728,8993,5930,7115,6666,7308,6740,6008,10606,2160,10835,10606,10094,10810,5590,9386,6206,10421,,4495,7394,10320,10688,9639,6870,10596,10352,10558,10423,10528,6602
Balhaf,1457,13294,14102,12433,1456,3450,11907,10273,,12168,5077,12237,4563,8947,5252,4556,14014,13217,11894,6726,11736,13386,1638,1585,6598,13540,5110,5386,5682,13378,10213,13257,12348,14041,5961,6841,7735,14010,9781,6847,13653,5292,13928,6566,1622,6665,11651,13465,6523,12727,4266,1415,6266,6889,6334,1274,6728,10174,13667,2070,6412,11998,14019,13558,12513,3808,12639,12736,4689,13429,13042,12068,12463,1766,6614,12328,6840,6937,6060,6497,6019,7197,12609,10203,12285,5106,11901,6691,1334,7395,12731,8923,6527,1005,11477,1541,12003,13162,12746,13354,14006,12055,6643,9847,6617,6643,4660,6196,11642,3931,12253,6769,1456,8329,13473,5280,5901,5913,12949,6470,6843,6524,6728,5555,12681
Barcelona,10800,1328,5428,4082,11693,10796,352,6118,12157,,10788,1436,11889,3907,11744,11902,5307,3487,285,14072,12804,3962,10628,10466,13944,1575,10822,12732,11786,4222,5851,3563,196,5338,13307,14187,12873,5303,4731,14193,1687,12638,3160,13912,10419,14012,646,1499,13869,1926,10884,10758,13612,14235,13680,10524,14074,15048,2866,10181,13758,1197,5312,1593,377,11155,673,11840,12035,1467,1076,9112,1662,11109,13960,1527,14186,14283,13406,13843,13365,14543,9654,3549,3949,10819,3973,12822,11160,14741,4636,3975,13873,10370,8521,10885,1202,1197,1945,1389,5300,155,13989,4045,13963,13989,11986,13542,806,11277,351,14115,11693,4330,2672,12605,13247,12327,2148,13816,14189,13870,14074,12901,1880
Barrow Island,4667,11917,12725,11056,6032,2239,10530,8827,5067,10791,,10860,2088,7570,1339,2231,12637,11840,10517,3707,8192,12009,3524,3819,3736,12163,96,2800,1085,12001,8870,11880,10971,12664,3099,3773,3166,12633,8404,3779,12276,2887,12551,3627,3739,3682,10274,12088,3661,11350,1278,4626,3404,4019,3428,4035,3708,6972,12290,3033,3542,10621,12642,12181,11136,1887,11262,8870,2379,12052,11665,9185,11086,4977,3675,10951,3772,4067,3198,3558,3102,4326,9349,8826,10908,93,10524,2122,4069,4524,11354,7547,3665,4237,8753,4752,10626,11785,11369,11978,12629,10678,3658,8470,3747,3659,2184,3334,10265,1763,10876,3727,6032,6952,12096,2199,3039,1742,11572,3600,3775,3585,3708,2731,11304
Bilbao,10882,2597,4920,3692,,10879,1210,6172,12239,1471,10870,,11972,3989,11827,11984,4800,2852,1197,14155,12876,3381,10711,10548,14027,2844,10904,12815,11868,3658,5906,2930,1652,4830,13390,14270,12956,4795,4785,14275,2956,12720,2097,13994,10501,14094,887,2768,13951,785,10967,10841,13694,14318,13763,,14156,15120,1725,10263,13840,271,4805,2861,1817,11237,1942,11912,12117,2732,2345,9184,551,11192,14043,251,14269,14366,13488,13925,13447,14625,9725,3541,3579,10901,3684,12905,11243,14823,4259,4057,13955,10452,8593,10967,275,2465,804,2658,4792,1358,14071,4094,14045,14072,12068,13624,694,11360,1556,14197,,4413,1531,12687,13330,12409,1007,13899,14271,13952,14156,12984,739
Bintulu,4145,13023,13831,12162,,1123,11636,10002,4545,11897,2088,11966,,8676,1129,589,13743,12946,11623,2436,7440,13115,3002,3297,2340,13269,2075,1219,2255,13107,9949,12986,12077,13770,1703,2551,3827,13739,9510,2556,13382,1154,13658,2289,3217,2376,11380,13194,2265,12456,1091,4104,2008,2623,2066,,2437,5884,13396,2511,2146,11728,13748,13287,12242,759,12368,8387,980,13158,12771,10489,12192,4455,2337,12057,2549,2671,1802,2220,1728,2931,10448,9932,12014,2072,11630,3025,3546,3129,12460,8653,2269,3715,10109,4230,11732,12891,12475,13084,13735,11784,2352,9576,2351,2353,212,1938,11371,635,11982,2478,,8058,13202,866,1643,1801,12678,2204,2552,2247,2437,1332,12410
Bonny,7582,5036,6346,4667,8467,7579,3649,4668,8939,3910,7570,3979,8672,,8527,8684,6225,4986,3636,10855,11002,5254,7410,7248,10727,5282,7604,9515,8568,5365,4439,5051,4090,6256,10089,10970,9656,6221,3424,10975,5395,9420,5670,10694,7201,10794,3393,5207,10651,4469,7666,7541,10394,11017,10463,7294,10856,13246,5409,6963,10540,3740,6231,5300,4255,7937,4381,10038,8817,5171,4784,7310,4205,7892,10742,4070,10968,11065,10188,10625,10147,11325,7851,2830,4502,7601,4231,9605,7942,11523,5061,136,10655,7152,6719,7667,3745,4904,4488,5096,6218,3797,10771,2954,10745,10772,8768,10324,3384,8060,3995,10897,8467,738,5215,9387,10029,9109,4691,10599,10971,10652,10856,9683,4423
Bontang,4842,12873,13682,12013,6118,1914,11486,9853,5242,11747,1339,11817,1129,8527,,1401,13593,12796,11473,2497,7212,12966,3699,3994,2517,13120,1326,1581,1474,12957,9827,12836,11928,13620,1880,2571,3382,13589,9360,2577,13232,1667,13508,2408,3914,2467,11231,13044,2442,12306,1053,4801,2185,2800,2208,4092,2499,5821,13246,3208,2323,11578,13599,13137,12093,1550,12218,8125,1865,13008,12621,10044,12042,5152,2456,11907,2570,2848,1979,2339,1883,3107,10003,9783,11864,1323,11480,2339,4243,3305,12310,8503,2446,4412,9665,4927,11582,12741,12325,12934,13586,11634,2443,9427,2528,2444,978,2115,11222,1426,11832,2521,6118,7909,13053,980,1820,1338,12528,2381,2573,2365,2498,1512,12261
Cai Mep,4137,13025,13833,12164,,1116,11638,10004,4538,11899,2231,11968,596,8678,1401,,13745,12948,11625,2362,7371,13117,2995,3289,2228,13271,2218,1012,2463,13109,9941,12988,12079,13772,1591,2476,4098,13741,9512,2482,13384,917,13659,2196,3209,2296,11382,13196,2153,12458,1234,4096,1896,2519,1965,,2363,5805,13398,2504,2042,11729,13750,13289,12244,752,12370,8372,725,13160,12773,10760,12194,4447,2244,12059,2475,2567,1690,2127,1654,2827,10719,9934,12016,2215,11632,3297,3539,3025,12462,8654,2157,3708,10381,4222,11734,12893,12477,13085,13737,11786,2275,9578,2247,2276,586,1826,11373,627,11984,2404,,8060,13204,922,1531,2073,12680,2101,2478,2154,2363,1185,12412
Cameron,12649,6437,545,1647,,12645,5050,6748,14006,5311,12637,4800,13738,6225,13593,13751,,2321,5037,15921,13448,1801,12477,12315,15793,6684,12671,14581,13635,1354,6481,2172,5492,149,15156,16036,13586,65,5361,16042,6796,14487,5448,15761,12268,15861,4727,6608,15718,5047,12733,12607,15461,16084,15529,,15923,15692,5691,12030,15607,4569,5,6701,5657,13004,5782,12483,13884,6572,6185,9756,4650,12958,15809,4797,16035,16132,15255,15692,15214,16392,10297,3845,1802,12668,2245,14388,13009,16590,1578,6293,15722,12219,9165,12734,4574,6306,5066,6498,62,5198,15838,4668,15812,15838,13835,15391,4600,13126,5396,15964,,6648,5498,14454,15096,14176,5078,15665,16038,15719,15923,14750,5002
Canaport,11856,4620,2443,1753,,11852,3233,6172,13213,3494,11844,2856,12945,4990,12800,12958,2322,,3219,15128,12872,822,11684,11522,15000,4866,11878,13788,12842,1122,5905,294,3674,2353,14363,15243,13010,2318,4785,15249,4979,13694,3450,14968,11475,15068,2909,4791,14925,3055,11940,11814,14668,15291,14736,,15130,15116,3614,11237,14814,2638,2328,4884,3839,12211,3965,11907,13091,4755,4367,9180,2646,12165,15016,2823,15242,15339,14462,14899,14421,15599,9721,3323,1732,11875,2149,13812,12216,15797,2203,5058,14929,11426,8589,11940,2642,4488,3074,4680,2315,3380,15045,4092,15019,15045,13042,14598,2757,12333,3579,15171,,5413,3421,13661,14303,13382,3001,14872,15245,14926,15130,13957,3010
Cartagena,10526,1430,5154,3809,11415,10523,114,5845,11884,287,10515,1163,11616,3634,11471,11628,5034,3214,,13799,12531,3689,10355,10192,13671,1677,10549,12459,11512,3949,5578,3290,468,5065,13034,13914,12600,5029,4458,13920,1789,12365,2887,13639,10145,13738,373,1601,13595,1652,10611,10485,13338,13962,13407,10247,13800,14775,2592,9908,13485,924,5039,1694,633,10881,775,11567,11762,1565,1178,8839,1388,10836,13687,1254,13913,14010,13132,13570,13091,14270,9380,3276,3676,10546,3700,12549,10887,14467,4363,3702,13599,10097,8248,10611,928,1298,1671,1491,5026,174,13715,3772,13690,13716,11713,13268,532,11004,392,13841,11415,4057,2399,12331,12974,12053,1875,13543,13915,13596,13800,12628,1607
Chita,6307,15194,16002,14333,,3285,13807,10427,6707,14068,3708,14137,2434,10847,2498,2360,15914,15117,13794,,5123,15286,5164,5458,1053,15440,3669,1587,3135,15278,10886,15157,14248,15941,1179,209,3864,15910,11592,215,15553,1834,15828,399,5378,264,13551,15365,912,14627,3303,6265,918,900,476,,7,3555,15567,4673,617,13899,15919,15458,14413,2921,14539,6133,2923,15329,14942,9323,14363,6616,308,14228,208,903,898,370,734,887,8661,12103,14185,3666,13801,3351,5708,1089,14631,10824,916,5877,9422,6391,13903,15062,14646,15255,15906,13955,240,11747,674,241,2282,921,13542,2796,14153,134,,10229,15373,1714,1129,2571,14849,434,211,397,8,1324,14581
Costa Azul,11318,13933,13536,11867,,8296,12546,7010,11718,12807,8192,12866,7440,11002,7212,7371,13448,12868,12533,5122,,12887,10175,10469,5931,14179,8154,6604,7466,12820,7469,12848,12988,13474,6212,4989,6297,13443,8175,4994,14292,6850,14491,5432,10390,5297,12290,14104,5790,13345,8145,11277,5817,4997,5508,,5123,2331,14285,9684,5478,12628,13453,14197,13152,7932,13278,1104,7935,14068,13681,4295,13092,11628,5341,12957,4988,4940,5874,5403,5752,4769,3633,9637,11718,8150,11334,6228,10719,4547,12165,11037,5794,10888,4682,11403,12632,13801,13364,13994,13440,12694,5273,8855,5296,5274,7289,5860,12280,7808,12892,5039,,10658,14091,6725,6161,6938,13567,5381,4990,5430,5123,6341,13299
Cove Point,12021,5091,1922,1400,,12018,3704,6187,13378,3965,12009,3381,13111,5255,12966,13123,1801,820,3691,15294,12887,,11849,11687,15166,5337,12043,13954,13007,596,5920,671,4145,1832,14528,15409,13025,1797,4800,15414,5450,13859,3974,15133,11640,15233,3380,5262,15090,3580,12105,11980,14833,15456,14902,,15295,15131,4139,11402,14979,3160,1807,5355,4310,12376,4436,11922,13256,5226,4839,9195,3171,12331,15181,3348,15407,15505,14627,15064,14586,15764,9736,3304,1385,12040,1899,13827,12382,15962,1782,5323,15094,11591,8604,12106,3164,4959,3599,5151,1794,3851,15210,4107,15184,15211,13207,14763,3237,12499,4050,15336,,5679,3945,13826,14469,13548,3526,15038,15410,15091,15295,14123,3535
Dabhol,1228,11755,12564,10895,,1898,10368,8735,1628,10629,3524,10699,3011,7409,3699,3003,12476,11678,10355,5174,10184,11848,,328,5046,12002,3557,3834,4129,11839,8675,11719,10810,12502,4408,5289,6182,12471,8243,5294,12115,3739,12390,5013,248,5113,10113,11926,4970,11188,2714,1186,4713,5336,4782,,5175,8622,12128,514,4859,10460,12481,12020,10975,2256,11100,11184,3136,11891,11503,10529,10924,1537,5061,10790,5287,5385,4507,4944,4466,5644,11071,8665,10746,3554,10362,5139,605,5842,11192,7385,4974,798,9938,1312,10465,11624,11207,11816,12468,10516,5090,8309,5064,5091,3107,4643,10104,2379,10714,5216,,6791,11935,3727,4349,4360,11411,4918,5290,4971,5175,4003,11143
Dahej,1199,11596,12405,10736,,2195,10209,8576,1574,10470,3822,10540,3308,7250,3997,3300,12316,11519,10196,5471,10481,11688,331,,5343,11843,3854,4131,4426,11680,8515,11559,10651,12343,4706,5586,6480,12312,8083,5592,11955,4036,12231,5310,232,5410,9954,11767,5267,11029,3011,1157,5010,5634,5079,,5472,8919,11969,811,5157,10301,12322,11860,10816,2553,10941,11481,3433,11731,11344,10827,10765,1508,5359,10630,5585,5682,4804,5242,4763,5941,11368,8506,10587,3851,10203,5436,502,6139,11033,7226,5271,784,10236,1283,10305,11464,11048,11657,12309,10357,5387,8150,5362,5388,3404,4940,9945,2676,10555,5513,,6631,11776,4025,4646,4658,11251,5215,5587,5268,5472,4300,10984
Dalian,6180,15067,15876,14207,,3158,13680,11117,6580,13941,3737,14011,2340,10721,2517,2229,15788,14990,13667,1063,5939,15160,5037,5332,,15314,3724,1446,3322,15151,11575,15031,14122,15814,966,1179,4411,15783,11555,1184,15426,1694,15702,751,5252,855,13425,15238,277,14500,3186,6139,473,1041,707,,1064,4314,15440,4546,529,13772,15793,15332,14287,2794,14412,6962,2791,15203,14815,10137,14236,6490,804,14102,1178,1085,614,706,861,1354,9490,11977,14058,3721,13674,3871,5581,1523,14504,10697,281,5750,10355,6265,13776,14936,14519,15128,15780,13828,879,11621,744,879,2189,557,13416,2670,14026,1109,,10103,15247,1620,930,2847,14723,627,1180,707,1064,1183,14455
Damietta,12179,601,6807,5462,,12176,1672,7498,13536,1574,12168,2816,13269,5286,13124,13281,6687,4867,1679,15452,14184,5342,12008,11845,15324,,12202,14112,13165,5602,7231,4943,1573,6717,14687,15567,14253,6682,6111,15572,182,14017,4539,15291,11798,15391,2026,134,15248,3305,12264,12138,14991,15615,15060,,15453,16428,4245,11560,15138,2577,6692,207,1446,12534,913,13219,13414,758,775,10492,3041,12489,15340,2906,15566,15663,14785,15223,14744,15922,11033,4929,5328,12198,5352,14202,12540,16120,6016,5354,15252,11749,9901,12264,2581,590,3324,1280,6679,1648,15368,5425,15342,15369,13366,14921,2185,12657,1320,15494,,5710,4052,13984,14627,13706,3528,15196,15568,15249,15453,14281,3260
Dampier,4700,11951,12759,11090,6076,2238,10564,8861,5100,10825,96,10894,2075,7604,1326,2218,12671,11874,10551,3667,8152,12043,3557,3851,3724,12197,,2788,1043,12035,8904,11914,11005,12698,3086,3733,3123,12667,8438,3739,12310,2874,12585,3590,3772,3642,10308,12122,3648,11384,1309,4659,3391,4006,3394,4091,3668,6932,12324,3066,3529,10656,12676,12215,11170,1875,11296,8827,2367,12086,11699,9219,11120,5010,3638,10985,3732,4054,3185,3521,3075,4314,9383,8860,10942,10,10558,2080,4101,4512,11388,7581,3652,4270,8787,4785,10660,11819,11403,12012,12663,10712,3618,8504,3734,3619,2171,3321,10299,1750,10910,3687,6076,6986,12130,2186,3027,1702,11606,3586,3735,3548,3668,2718,11338
Dapeng,4968,13855,14664,12995,,1946,12468,10759,5368,12729,2800,12799,1222,9509,1581,1012,14575,13778,12455,1589,6604,13948,3825,4119,1446,14102,2788,,2576,13939,10772,13818,12910,14602,809,1705,3972,14571,10343,1710,14214,312,14490,1413,4040,1513,12213,14026,1370,13288,2013,4927,1113,1737,1182,,1590,5022,14228,3334,1259,12560,14581,14119,13075,1582,13200,7612,1575,13990,13603,10567,13024,5278,1462,12889,1703,1785,907,1344,882,2044,10096,10765,12846,2784,12462,3344,4369,2242,13292,9485,1374,4538,10255,5053,12564,13724,13307,13916,14568,12616,1493,10409,1464,1493,1175,1043,12204,1458,12814,1632,,8891,14035,689,749,2122,13511,1318,1706,1371,1590,342,13243
Darwin,5272,12914,13723,12054,6686,2483,11527,9153,5672,11788,1085,11858,2255,8568,1474,2463,13635,12838,11514,3134,7466,13007,4129,4423,3322,13161,1046,2576,,12998,9611,12878,11969,13661,2715,3200,2305,13630,9402,3206,13274,2662,13549,3057,4344,3109,11272,13085,3218,12347,1609,5231,2990,3513,2861,4667,3135,6399,13287,3638,3055,11619,13640,13179,12134,2119,12259,8009,2611,13050,12662,9101,12083,5582,3106,11949,3199,3561,2813,2988,2542,3820,9140,9824,11905,1042,11522,1262,4673,4018,12352,8544,3222,4842,8663,5357,11624,12783,12366,12975,13627,11675,3085,9468,3244,3086,2104,2927,11263,1995,11873,3154,6686,7950,13094,1961,2655,1169,12570,3053,3202,3015,3135,2438,12302
Elba,12012,5346,1474,1199,,12009,3959,6120,13369,4220,12001,3658,13102,5365,12957,13114,1354,1120,3946,15285,12820,596,11841,11678,15157,5592,12035,13945,12998,,5854,971,4400,1385,14520,15400,12959,1350,4733,15406,5705,13851,4269,15124,11631,15224,3636,5517,15081,3874,12097,11971,14824,15448,14893,,15286,15064,4433,11393,14971,3430,1359,5610,4565,12367,4691,11856,13247,5481,5094,9129,3465,12322,15173,3642,15399,15496,14618,15056,14577,15755,9670,3229,1185,12031,1720,13761,12373,15953,1449,5432,15085,11582,8538,12097,3434,5214,3893,5407,1346,4107,15201,4041,15176,15202,13199,14754,3497,12490,4305,15327,,5788,4240,13817,14460,13539,3820,15029,15401,15082,15286,14114,3829
Escobar,8846,6980,6570,4900,,8842,5593,702,10203,5854,8870,5898,9955,4439,9827,9948,6481,5901,5580,10879,7468,5920,8674,8511,11571,7227,8904,10778,9610,5854,,5882,6035,6508,11205,10808,7606,6477,1192,10814,7339,10684,7518,11058,8464,11087,5338,7151,11441,6381,8966,8804,11307,11341,10959,,10881,9712,7321,8227,11214,5659,6486,7244,6200,9200,6325,6504,10081,7115,6728,3776,6106,9155,11131,5988,10807,11284,11167,10989,10790,11268,4317,2671,4752,8901,4368,8408,9206,11186,5198,4490,11445,8416,3185,8930,5663,6848,6400,7041,6474,5741,11063,1894,11293,11063,10052,11267,5324,9323,5939,10878,,4304,7127,10672,11145,10096,6603,11053,10810,11015,10881,10947,6335
Everett,11891,4690,2290,1600,,11888,3303,6147,13248,3564,11880,2928,12981,5050,12836,12993,2170,296,3290,15164,12847,669,11720,11557,15036,4937,11914,13824,12877,969,5881,,3745,2200,14399,15279,12986,2165,4760,15285,5049,13730,3521,15003,11510,15103,2980,4861,14960,3127,11976,11850,14703,15327,14772,,15165,15091,3686,11273,14850,2710,2175,4954,3910,12246,4035,11883,13126,4825,4438,9156,2718,12201,15052,2894,15278,15375,14497,14935,14456,15634,9697,3289,1580,11910,2043,13788,12252,15832,2051,5118,14964,11462,8565,11976,2714,4558,3146,4751,2162,3451,15080,4068,15055,15081,13078,14633,2829,12369,3649,15206,,5474,3492,13696,14339,13418,3072,14908,15280,14961,15165,13993,3082
Fos Sur Mer,10980,1327,5608,4263,,10977,526,6299,12337,195,10968,1617,12070,4087,11925,12082,5488,3668,465,14253,12985,4142,10809,10646,14125,1573,11002,12913,11966,4403,6032,3744,,5518,13488,14368,13054,5483,4912,14373,1686,12818,3340,14092,10599,14192,827,1498,14049,2106,11065,10939,13792,14416,13861,,14254,15229,3046,10361,13938,1378,5493,1591,246,11335,672,12020,12215,1465,1075,9293,1842,11290,14141,1707,14367,14464,13586,14023,13545,14723,9834,3730,4129,10999,4153,13003,11341,14921,4817,4155,14053,10550,8702,11065,1382,1195,2125,1387,5480,340,14169,4226,14143,14170,12166,13722,986,11458,409,14295,,4511,2853,12785,13428,12507,2328,13997,14369,14050,14254,13082,2061
Freeport,12675,6468,449,1674,13577,12672,5081,6774,14032,5342,12664,4830,13765,6256,13620,13777,149,2352,5068,15948,13474,1832,12504,12341,15820,6714,12698,14608,13661,1385,6508,2203,5523,,15183,16063,13613,119,5387,16069,6827,14514,5478,15787,12294,15887,4758,6639,15744,5078,12760,12634,15487,16111,15556,12404,15949,15718,5722,12057,15634,4600,155,6732,5687,13030,5813,12510,13910,6603,6216,9783,4681,12985,15836,4828,16062,16159,15281,15719,15240,16418,10324,3871,1828,12694,2272,14415,13036,16616,1605,6324,15748,12246,9192,12760,4604,6336,5097,6529,116,5229,15864,4695,15839,15865,13862,15417,4631,13153,5427,15990,13577,6679,5528,14480,15123,14202,5108,15692,16064,15745,15949,14777,5033
Fujian,5543,14430,15239,13570,,2521,13043,10748,5943,13304,3099,13374,1703,10083,1880,1591,15150,14353,13030,1181,6210,14522,4400,4694,966,14676,3086,809,2715,14514,11206,14393,13485,15177,,1297,3963,15146,10917,1302,14789,1057,15065,1005,4615,1105,12788,14601,894,13863,2549,5501,633,1301,780,,1183,4587,14803,3909,808,13135,15156,14694,13650,2157,13775,7220,2154,14565,14178,10334,13599,5852,1054,13464,1296,1349,421,937,546,1609,9739,11340,13421,3083,13037,3424,4944,1799,13867,10060,898,5113,10195,5628,13139,14298,13882,14491,15143,13191,1085,10984,1020,1085,1551,563,12779,2033,13389,1227,,9465,14610,983,147,2261,14085,882,1298,962,1182,545,13818
Futtsu,6428,15315,16124,14455,,3406,13928,10358,6828,14189,3778,14259,2556,10969,2577,2481,16036,15238,13915,211,4998,15408,5285,5579,1175,15562,3740,1708,3205,15399,10816,15279,14370,16062,1300,,3841,16031,11522,13,15674,1955,15950,521,5500,386,13673,15486,1034,14748,3425,6387,1039,835,597,,212,3429,15688,4794,739,14020,16041,15579,14535,3042,14660,6008,3045,15451,15063,9199,14484,6738,430,14349,13,778,1018,492,857,762,8536,12225,14306,3737,13922,3328,5829,964,14752,10945,1038,5998,9300,6513,14024,15184,14767,15376,16028,14076,362,11869,796,363,2404,1042,13664,2918,14274,127,,10351,15495,1835,1250,2625,14971,556,9,518,212,1445,14703
Gladstone,7325,13999,13674,12005,,4440,12612,7149,7725,12873,3166,12943,3827,9653,3382,4098,13586,13006,12599,3864,6297,13025,6182,6477,4408,14246,3126,3972,2305,12959,7607,12986,13054,13613,3963,3834,,13582,8313,3840,14358,4190,14629,3954,6397,3911,12357,14170,4277,13432,3579,7284,4132,4415,3819,,3865,6011,14372,5691,4062,12704,13591,14263,13219,4076,13344,6740,4562,14134,13747,7177,13168,7635,3955,13033,3833,4410,3972,3886,3605,4394,7263,9775,11857,3123,11473,1108,6726,4491,12303,9629,4281,6895,6722,7410,12708,13867,13451,14060,13578,12760,3887,8993,4190,3888,3676,4069,12348,3952,12958,3838,,9035,14179,3533,3903,2852,13654,3950,3836,3912,3865,3741,13387
Golden Pass,12644,6433,515,1643,,12641,5046,6744,14002,5307,12633,4795,13734,6221,13589,13746,65,2317,5033,15917,13443,1797,12473,12310,15789,6679,12667,14577,13630,1350,6477,2167,5488,119,15152,16032,13582,,5357,16038,6792,14483,5443,15757,12263,15856,4723,6604,15714,5043,12729,12603,15456,16080,15525,,15918,15688,5687,12026,15603,4565,70,6697,5652,12999,5778,12479,13880,6568,6181,9752,4646,12954,15805,4793,16031,16128,15250,15688,15209,16388,10293,3841,1797,12664,2241,14384,13005,16585,1574,6289,15717,12215,9161,12729,4569,6301,5062,6494,3,5194,15833,4664,15808,15834,13831,15386,4596,13122,5392,15959,,6644,5493,14449,15092,14171,5073,15661,16033,15714,15918,14746,4998
Guanabara,8416,5860,5449,3780,,8413,4473,1461,9773,4734,8404,4777,9505,3424,9360,9518,5361,4781,4460,11586,8175,4800,8244,8082,11560,6107,8438,10348,9402,4733,1192,4761,4915,5387,10923,11515,8313,5357,,11521,6219,10254,6398,11528,8035,11628,4218,6031,11485,5260,8500,8375,11228,11851,11296,,11587,10419,6200,7797,11374,4539,5366,6124,5080,8771,5205,7210,9651,5995,5608,4483,4985,8725,11576,4868,11514,11899,11022,11459,10981,11975,5024,1550,3631,8435,3248,9115,8776,11893,4078,3481,11489,7986,3892,8501,4543,5728,5279,5921,5353,4621,11605,773,11579,11605,9602,11158,4203,8893,4819,11585,,3390,6007,10221,10863,9943,5483,11433,11517,11486,11587,10517,5215
H-Ohgishima,6430,15317,16126,14456,,3408,13930,10359,6830,14191,3780,14260,2558,10970,2578,2483,16037,15240,13917,212,5000,15409,5287,5581,1176,15563,3742,1710,3207,15401,10817,15280,14372,16064,1302,14,3843,16033,11524,,15676,1957,15952,522,5502,387,13675,15488,1035,14750,3427,6388,1040,836,599,,214,3431,15690,4796,740,14022,16043,15581,14537,3044,14662,6010,3046,15452,15065,9200,14486,6739,432,14351,15,780,1020,493,859,764,8538,12227,14308,3738,13924,3330,5831,965,14754,10947,1039,6000,9301,6515,14026,15185,14769,15378,16030,14078,364,11871,797,364,2406,1044,13666,2920,14276,129,,10352,15497,1837,1252,2626,14972,558,8,520,214,1447,14705
Hadera,12292,676,6920,5574,,12288,1784,7610,13649,1687,12280,2928,13381,5399,13236,13394,6799,4979,1791,15564,14296,5454,12120,11958,15436,182,12314,14224,13278,5714,7343,5055,1685,6830,14799,15679,14365,6795,6223,15685,,14130,4652,15404,11911,15504,2138,275,15361,3417,12376,12250,15104,15727,15172,,15566,16540,4358,11673,15250,2689,6804,175,1557,12647,1027,13332,13527,833,903,10604,3153,12601,15452,3019,15678,15775,14898,15335,14857,16035,11146,5041,5441,12311,5465,14314,12652,16233,6128,5467,15365,11862,10013,12376,2694,665,3436,1374,6791,1760,15481,5537,15455,15481,13478,15034,2298,12769,1433,15607,,5822,4164,14097,14739,13818,3640,15308,15681,15362,15566,14393,3372
Hainan,4869,13757,14565,12896,,1847,12370,10736,5269,12631,2882,12700,1152,9410,1663,913,14477,13680,12356,1831,6846,13849,3726,4021,1690,14003,2870,308,2658,13840,10673,13720,12811,14503,1052,1946,4186,14473,10244,1952,14116,,14391,1657,3941,1757,12114,13928,1614,13189,1927,4828,1357,1980,1426,,1832,5266,14130,3236,1503,12461,14482,14021,12976,1484,13101,7853,1476,13892,13504,10781,12925,5179,1705,12791,1945,2029,1151,1588,1123,2288,10337,10666,12747,2867,12364,3426,4271,2486,13194,9386,1618,4439,10468,4954,12466,13625,13208,13817,14469,12517,1736,10310,1708,1737,1106,1287,12105,1359,12716,1873,,8792,13936,777,992,2204,13412,1562,1948,1615,1832,594,13144
Hammerfest,12566,4305,5568,4597,13429,12563,2918,7788,13923,3179,12554,2100,13656,5673,13510,13668,5448,3446,2905,15839,14494,3975,12394,12232,15710,4552,12588,14498,13552,4269,7521,3524,3360,5478,15073,15953,14632,5443,6401,15959,4664,14404,,15678,12185,15778,2595,4476,15635,1428,12650,12525,15378,16001,15447,12254,15840,16738,1663,11947,15524,2049,5453,4570,3525,12921,3650,13529,13801,4441,4053,10802,1599,12876,15726,1967,15952,16049,15172,15609,15131,16309,11343,5117,4531,12585,4794,14588,12926,16507,5163,5741,15639,12136,10211,12651,2054,4174,1407,4366,5440,3066,15755,5708,15729,15755,13752,15308,2402,13044,3264,15881,13429,6096,1469,14371,15013,14093,1227,15583,15955,15636,15840,14667,1460
Hatsukaichi,6148,15035,15843,14174,,3126,13648,10600,6548,13909,3627,13978,2289,10688,2408,2196,15755,14958,13635,406,5435,15127,5005,5299,744,15281,3592,1413,3057,15119,11058,14998,14089,15782,1005,522,3954,15751,11522,527,15394,1661,15669,,5219,158,13392,15206,603,14468,3158,6106,620,590,302,,408,3867,15408,4514,308,13739,15760,15299,14254,2762,14380,6445,2759,15170,14783,9577,14204,6457,107,14069,521,639,669,93,589,908,8968,11944,14026,3589,13642,3418,5549,1106,14472,10665,607,5718,9711,6232,13744,14903,14487,15096,15747,13796,182,11588,365,182,2137,663,13383,2637,13994,452,,10070,15214,1569,955,2529,14690,125,523,59,407,1150,14422
Hazira,1234,11546,12355,10686,,2113,10159,8526,1609,10420,3739,10490,3225,7200,3914,3218,12266,11469,10146,5389,10398,11638,248,225,5260,11793,3772,4048,4344,11630,8465,11509,10601,12293,4623,5503,6397,12262,8033,5509,11905,3954,12181,5228,,5328,9904,11717,5185,10979,2929,1193,4928,5551,4996,,5390,8837,11919,728,5074,10251,12272,11810,10766,2471,10891,11399,3351,11681,11294,10744,10715,1544,5276,10580,5502,5599,4722,5159,4681,5859,11285,8456,10537,3769,10153,5353,538,6057,10983,7176,5189,820,10153,1319,10255,11414,10998,11607,12259,10307,5305,8100,5279,5305,3322,4858,9895,2593,10505,5431,,6581,11726,3942,4563,4575,11201,5133,5505,5186,5390,4217,10934
Himeji,6245,15132,15941,14272,,3223,13745,10631,6645,14006,3681,14076,2374,10786,2466,2293,15852,15055,13732,273,5302,15225,5102,5396,846,15379,3643,1511,3108,15216,11089,15095,14187,15879,1103,389,3912,15848,11620,394,15491,1759,15767,156,5317,,13490,15303,705,14565,3243,6204,722,692,399,,274,3734,15505,4611,410,13837,15858,15396,14352,2859,14477,6312,2856,15267,14880,9443,14301,6555,65,14166,387,740,770,190,674,1010,8835,12042,14123,3640,13739,3386,5646,1207,14569,10762,709,5815,9577,6330,13841,15001,14584,15193,15845,13893,49,11686,467,49,2222,765,13481,2735,14091,319,,10168,15312,1654,1052,2562,14788,227,390,161,274,1248,14520
Huelva,10286,1778,4852,3506,11184,10283,391,5605,11643,652,10274,850,11376,3393,11231,11388,4731,2903,378,13559,12290,3381,10114,9952,13431,2024,10308,12219,11272,3636,5338,2979,832,4762,12793,13674,12360,4727,4218,13679,2137,12124,2573,13398,9905,13498,,1949,13355,1339,10370,10245,13098,13721,13167,10011,13560,14535,2279,9667,13244,611,4736,2042,997,10641,1123,11326,11521,1913,1526,8599,1075,10596,13446,940,13672,13770,12892,13329,12851,14029,9140,3027,3374,10305,3405,12309,10647,14227,4061,3461,13359,9856,8008,10371,615,1646,1358,1838,4723,539,13475,3532,13449,13476,11472,13028,219,10764,737,13601,11184,3816,2086,12091,12733,11813,1562,13303,13675,13356,13560,12388,1294
Idku,12104,565,6732,5386,,12100,1596,7422,13461,1499,12092,2740,13193,5211,13048,13206,6611,4791,1603,15376,14108,5266,11932,11770,15248,134,12126,14036,13090,5526,7155,4867,1497,6642,14611,15491,14177,6607,6035,15497,275,13942,4464,15216,11723,15316,1950,,15173,3229,12188,12062,14916,15539,14984,,15378,16352,4169,11485,15062,2501,6616,266,1370,12458,836,13144,13339,722,692,10416,2965,12413,15264,2831,15490,15587,14710,15147,14669,15847,10957,4853,5253,12123,5277,14126,12464,16045,5940,5279,15177,11674,9825,12188,2506,541,3248,1211,6603,1572,15293,5349,15267,15293,13290,14846,2109,12581,1244,15419,,5634,3976,13909,14551,13630,3452,15120,15493,15174,15378,14205,3184
Inchon,6117,15005,15813,14144,,3096,13618,10998,6517,13879,3674,13948,2278,10658,2455,2166,15725,14928,13605,934,5809,15097,4975,5269,289,15251,3661,1383,3231,15089,11456,14968,14059,15752,907,1049,4292,15721,11492,1055,15364,1631,15639,621,5189,726,13362,15176,,14438,3124,6076,435,911,587,,935,4184,15378,4484,399,13709,15730,15269,14224,2732,14350,6832,2729,15140,14753,10008,14174,6427,674,14039,1048,955,555,576,745,1224,9360,11914,13995,3658,13612,3752,5519,1394,14442,10634,82,5688,10225,6202,13714,14873,14457,15065,15717,13766,749,11558,614,750,2126,514,13353,2607,13964,979,,10040,15184,1557,871,2747,14660,498,1051,577,935,1120,14392
Isle of Grain,11347,3062,5142,4006,,11344,1675,6631,12704,1936,11335,778,12437,4454,12292,12449,5021,3025,1662,14620,13328,3554,11176,11013,14492,3309,11369,13280,12333,3848,6364,3103,2117,5052,13855,14735,13421,5017,5244,14740,3421,13185,1440,14459,10966,14559,1352,3233,14416,,11432,11306,14159,14783,14228,,14621,15572,1056,10728,14305,770,5026,3326,2282,11702,2407,12364,12582,3197,2810,9636,518,11657,14508,642,14734,14831,13953,14390,13912,15090,10178,3994,3907,11366,4063,13370,11708,15288,4573,4522,14420,10917,9045,11432,774,2930,156,3123,5014,1823,14536,4552,14510,14537,12533,14089,1159,11825,2021,14662,,4878,863,13152,13795,12874,332,14364,14736,14417,14621,13449,128
Jakarta,3857,12018,12826,11157,,1254,10631,8997,4257,10892,1278,10961,1091,7671,1053,1234,12738,11941,10617,3305,8145,12110,2714,3008,3186,12264,1309,2013,1609,12101,8971,11981,11072,12764,2549,3420,3579,12734,8505,3426,12377,1931,12652,3158,2929,3245,10375,12189,3111,11450,,3816,2854,3477,2922,,3306,6753,12391,2223,3000,10722,12743,12282,11237,890,11363,9001,1382,12153,11765,10143,11186,4167,3207,11052,3419,3525,2648,3089,2597,3785,10307,8927,11008,1306,10625,2535,3258,3983,11455,7647,3115,3427,9710,3942,10727,11886,11469,12078,12730,10778,3221,8571,3205,3222,1187,2783,10366,766,10977,3347,,7053,12197,1810,2489,1714,11673,3058,3421,3116,3306,2150,11405
Jebel Ali,81,11883,12692,11023,,2994,10496,8863,1391,10757,4621,10827,4107,7537,4796,4099,12603,11806,10483,6270,11280,11976,1181,1155,6142,12130,4653,4930,5225,11967,8800,11846,10938,12630,5505,6385,7279,12599,8370,6391,12242,4835,12518,6109,1192,6209,10241,12054,6066,11316,3810,,5809,6433,5878,,6271,9718,12256,1614,5956,10588,12609,12147,11103,3352,11228,12280,4232,12018,11631,11611,11052,455,6158,10917,6384,6481,5603,6041,5562,6740,12153,8793,10874,4650,10490,6235,734,6938,11320,7513,6070,435,11020,210,10592,11751,11335,11944,12596,10644,6186,8437,6160,6187,4203,5739,10232,3475,10842,6312,,6919,12063,4824,5445,5457,11538,6014,6386,6067,6271,5099,11271
Jiangsu,5847,14735,15543,13874,,2826,13348,10850,6247,13609,3404,13678,2008,10388,2185,1896,15455,14658,13335,920,5817,14827,4705,4999,473,14981,3391,1113,2990,14819,11308,14698,13789,15482,633,1035,4132,15451,11222,1041,15094,1361,15369,620,4919,724,13092,14906,422,14168,2854,5806,,915,538,,921,4192,15108,4214,409,13439,15460,14999,13954,2462,14080,6840,2459,14870,14483,10016,13904,6157,673,13769,1034,963,281,575,575,1223,9368,11644,13725,3388,13342,3593,5249,1401,14172,10364,426,5418,10166,5932,13444,14603,14187,14795,15447,13496,748,11288,622,748,1856,220,13083,2337,13694,965,,9770,14914,1287,597,2524,14390,496,1037,576,921,850,14122
Joetsu,6471,15358,16167,14498,,3449,13971,10884,6871,14232,4019,14302,2623,11012,2800,2519,16078,15281,13958,902,4997,15451,5328,5622,1032,15605,4006,1737,3513,15442,11342,15321,14413,16105,1301,824,4415,16074,11845,830,15717,1985,15993,590,5543,694,13716,15529,891,14791,3477,6429,915,,763,,904,3371,15731,4837,579,14063,16084,15622,14578,3085,14703,6019,3082,15493,15106,9195,14527,6780,643,14392,823,75,963,545,1007,438,8548,12268,14349,4003,13965,3878,5872,657,14795,10988,895,6041,9482,6556,14067,15226,14810,15419,16071,14119,718,11912,469,719,2471,958,13707,2961,14317,874,,10394,15538,1903,1257,2989,15013,467,826,546,904,1473,14746
Kagoshima,5916,14803,15612,13943,,2894,13416,10502,6316,13677,3428,13747,2066,10457,2208,1965,15524,14726,13403,478,5507,14896,4773,5067,703,15050,3395,1182,2861,14887,10960,14767,13858,15550,780,593,3819,15519,11291,599,15162,1430,15438,302,4988,402,13161,14974,573,14236,2922,5875,538,763,,,479,3939,15176,4282,327,13508,15529,15067,14023,2530,14148,6516,2527,14939,14551,9638,13972,6226,350,13837,592,811,488,233,387,1080,9036,11713,13794,3392,13410,3279,5317,1278,14240,10433,577,5486,9724,6001,13512,14672,14255,14864,15516,13564,381,11357,511,382,1914,516,13152,2406,13762,523,,9839,14983,1345,729,2341,14459,298,595,260,479,919,14191
Karachi,791,,,,,2430,10253,,1274,10524,4035,,,7294,4092,,,,10247,,,,,,,,4091,,4667,,,,,12404,,,,,,,,,12254,,,,10011,,,,,,,,,,,,,1048,,,,,,,,,,,,,,,,,,,,,,,11720,,,4088,10208,,,6351,,7262,,439,,880,10342,,11084,,12376,10405,,,,,3580,,,2920,10604,,,6656,,,,4836,,,,,,,
Kawagoe,6307,15195,16003,14334,,3285,13808,10428,6707,14069,3709,14138,2435,10848,2498,2361,15915,15118,13795,7,5124,15287,5165,5459,1054,15441,3670,1588,3135,15278,10886,15158,14249,15942,1180,210,3865,15911,11592,216,15554,1834,15829,400,5379,265,13552,15366,913,14628,3304,6266,919,900,477,,,3556,15568,4674,618,13899,15920,15459,14414,2922,14540,6133,2924,15330,14943,9324,14363,6617,309,14229,209,904,898,371,735,888,8662,12104,14185,3667,13802,3351,5709,1090,14632,10824,917,5878,9423,6392,13904,15063,14647,15255,15907,13955,241,11748,675,242,2283,922,13543,2797,14154,135,,10230,15374,1715,1130,2572,14850,435,212,398,3,1325,14582
Kenai,9756,16177,15780,14111,,6734,14790,9255,10156,15051,6972,15110,5884,13246,5821,5805,15692,15112,14777,3552,2331,15131,8613,8908,4306,16423,6933,5022,6399,15064,9713,15092,15232,15718,4587,3419,6013,15688,10419,3424,16536,5270,16735,3862,8828,3727,14535,16348,4165,15589,6753,9715,4192,3371,3938,,3553,,16529,8122,3853,14872,15697,16441,15397,6370,15522,3367,6368,16312,15925,6557,15336,10066,3771,15201,3418,3315,4249,3833,4185,3109,5895,11881,13962,6930,13579,5584,9157,2887,14409,13281,4169,9326,6944,9841,14876,16045,15608,16238,15684,14938,3704,11099,3671,3704,5732,4235,14524,6246,15136,3469,,12903,16335,5164,4543,5718,15811,3756,3420,3835,3553,4759,15544
Klaipeda,12298,4013,5807,4748,,12295,2626,7582,13655,2887,12287,1729,13388,5406,13243,13400,5687,3605,2613,15571,14279,4134,12127,11964,15443,4260,12321,14231,13284,4428,7315,3683,3068,5717,14806,15686,14372,5682,6195,15692,4372,14137,1647,15410,11917,15510,2303,4184,15367,1038,12383,12257,15110,15734,15179,,15572,16523,,11679,15257,1721,5692,4277,3233,12653,3358,13315,13533,4148,3761,10588,1469,12608,15459,1593,15685,15782,14904,15342,14863,16041,11129,4945,4672,12317,4897,14321,12659,16239,5314,5473,15371,11868,9997,12383,1725,3882,1014,4074,5679,2774,15487,5503,15462,15488,13485,15040,2110,12776,2972,15613,,5829,298,14103,14746,13825,927,15315,15687,15368,15572,14400,1071
Kochi,1661,11308,12117,10448,3152,1407,9921,8288,2061,10182,3033,10252,2520,6962,3208,2512,12028,11231,9908,4683,9693,11401,514,808,4555,11555,3066,3343,3638,11392,8228,11271,10363,12055,3917,4798,5691,12024,7796,4803,11667,3248,11943,4522,728,4622,9666,11479,4479,10741,2223,1620,4222,4846,4291,1048,4684,8131,11681,,4368,10013,12034,11572,10528,1765,10653,10693,2645,11443,11056,10082,10477,1970,4570,10342,4796,4894,4016,4453,3975,5153,10623,8218,10299,3063,9915,4648,1059,5351,10745,6938,4483,1231,9491,1746,10017,11176,10760,11369,12021,10069,4599,7862,4573,4600,2616,4152,9657,1888,10267,4725,3152,6344,11488,3236,3858,3869,10964,4427,4799,4480,4684,3512,10696
Kwangyang,5994,14881,15689,14020,,2972,13494,10757,6394,13755,3542,13824,2146,10534,2323,2042,15601,14804,13481,620,5478,14973,4851,5145,521,15127,3529,1259,3055,14965,11215,14844,13935,15628,808,736,4062,15597,11368,741,15240,1507,15515,308,5065,412,13238,15052,380,14314,3000,5952,409,580,327,,621,3853,15254,4360,,13585,15606,15145,14100,2608,14226,6501,2605,15016,14629,9677,14050,6303,360,13915,734,624,466,263,549,911,9030,11790,13872,3526,13488,3523,5395,1063,14318,10511,384,5564,9912,6078,13590,14749,14333,14942,15593,13642,436,11434,284,436,1994,452,13229,2483,13840,665,,9916,15060,1426,766,2549,14536,184,737,264,621,996,14268
La Coruna,10646,2361,4690,3456,,10642,974,5936,12003,1235,10634,271,11735,3753,11590,11748,4569,2634,961,13918,12639,3160,10474,10312,13790,2607,10668,12578,11632,3430,5669,2712,1415,4600,13153,14033,12719,4565,4549,14039,2720,12484,2046,13758,10265,13858,650,2532,13715,784,10730,10604,13458,14081,13526,,13920,14884,1724,10027,13604,,4575,2625,1580,11001,1706,11675,11881,2496,2109,8948,528,10955,13806,366,14032,14129,13252,13689,13211,14389,9489,3304,3343,10665,3448,12668,11006,14587,4023,3821,13719,10216,8357,10731,13,2229,803,2421,4562,1122,13835,3857,13809,13835,11832,13388,458,11123,1320,13961,,4176,1531,12451,13093,12173,1006,13662,14035,13716,13920,12747,739
Lake Charles,12654,6442,551,1652,,12651,5055,6753,14011,5316,12642,4805,13744,6231,13599,13756,5,2326,5042,15927,13453,1807,12482,12320,15799,6689,12676,14587,13640,1359,6487,2177,5497,155,15161,16042,13591,70,5366,16047,6802,14492,5453,15766,12273,15866,4733,6614,15723,5052,12738,12613,15466,16089,15535,,15928,15697,5696,12035,15612,4575,,6707,5662,13009,5787,12489,13889,6578,6190,9761,4656,12964,15814,4802,16040,16138,15260,15697,15219,16397,10302,3850,1807,12673,2250,14393,13014,16595,1584,6298,15727,12224,9170,12739,4579,6311,5071,6503,67,5203,15843,4673,15817,15844,13840,15396,4605,13132,5401,15969,,6654,5503,14459,15101,14181,5083,15671,16043,15724,15928,14756,5007
Limassol,12197,561,6825,5479,,12193,1690,7515,13554,1592,12185,2833,13286,5304,13141,13299,6704,4884,1696,15469,14201,5359,12025,11863,15341,225,12219,14129,13183,5619,7248,4960,1590,6735,14704,15584,14270,6700,6128,15590,175,14035,4557,15309,11816,15409,2043,266,15266,3323,12281,12155,15009,15632,15077,,15471,16445,4263,11578,15155,2594,6709,,1463,12552,934,13237,13432,718,829,10510,3059,12506,15357,2924,15583,15680,14803,15240,14762,15940,11051,4946,5346,12216,5370,14219,12557,16138,6033,5372,15270,11767,9919,12282,2599,550,3342,1268,6697,1665,15386,5442,15360,15386,13383,14939,2203,12674,1338,15512,,5727,4069,14002,14644,13724,3545,15214,15586,15267,15471,14298,3277
Livorno,11147,1199,5775,4430,,11144,666,6466,12504,377,11135,1783,12237,4254,12092,12249,5654,3834,632,14420,13151,4309,10975,10813,14292,1446,11169,13080,12133,4570,6199,3911,246,5685,13654,14535,13221,5650,5079,14540,1557,12985,3507,14259,10766,14359,993,1371,14216,2273,11231,11106,13959,14582,14028,,14421,15396,3213,10528,14105,1545,5660,1464,,11502,548,12187,12382,1335,961,9460,2009,11457,14307,1874,14533,14631,13753,14190,13712,14890,10001,3896,4296,11166,4320,13170,11507,15088,4983,4322,14220,10717,8869,11232,1549,1068,2292,1259,5647,520,14336,4393,14310,14337,12333,13889,1153,11625,441,14462,,4677,3020,12952,13594,12674,2495,14164,14536,14217,14421,13249,2228
Malacca,3393,12280,13089,11420,,371,10893,9260,3793,11154,1895,11224,768,7934,1558,760,13001,12203,10880,2931,7941,12373,2250,2545,2803,12527,1883,1591,2127,12364,9197,12244,11335,13027,2165,3046,4084,12996,8768,3051,12639,1496,12915,2770,2465,2870,10638,12451,2727,11713,898,3352,2470,3093,2539,,2932,6379,12653,1759,2616,10985,13006,12545,11500,,11625,8941,893,12416,12028,10879,11449,3703,2818,11315,3044,3142,2264,2701,2223,3401,10918,9190,11271,1880,10887,3040,2794,3599,11717,7910,2731,2963,10383,3478,10989,12149,11732,12341,12993,11041,2847,8834,2821,2848,864,2400,10629,136,11239,2973,,7316,12460,1484,2105,2219,11936,2675,3047,2728,2932,1760,11668
Malta,11278,671,5905,4560,,11274,770,6596,12635,673,11266,1914,12367,4385,12222,12380,5785,3965,777,14550,13282,4440,11106,10943,14422,913,11300,13210,12263,4700,6329,4041,671,5816,13785,14665,13351,5781,5209,14671,1027,13116,3638,14390,10896,14489,1124,836,14347,2403,11362,11236,14089,14713,14158,,14551,15526,3343,10659,14236,1675,5790,934,548,11632,,12318,12513,806,419,9590,2139,11587,14438,2005,14664,14761,13883,14321,13842,15021,10131,4027,4427,11297,4451,13300,11638,15219,5114,4453,14351,10848,8999,11362,1680,539,2422,749,5777,746,14466,4523,14441,14467,12464,14019,1283,11755,418,14593,,4808,3150,13082,13725,12804,2626,14294,14667,14347,14551,13379,2358
Manzanillo,12318,12969,12572,10903,,9296,11582,6046,12718,11843,8870,11902,8387,10038,8126,8372,12484,11904,11569,6130,1105,11922,11175,11470,6955,13215,8830,7612,8010,11856,6505,11884,12024,12510,7220,6000,6740,12479,7211,6006,13328,7858,13527,6440,11390,6305,11326,13140,6813,12381,9001,12277,6840,6020,6517,,6132,3367,13321,10685,6501,11664,12489,13233,12188,8933,12314,,8935,13104,12717,3222,12128,12628,6350,11993,5999,5963,6897,6411,6762,5796,2557,8673,10754,8827,10370,6772,11720,5574,11201,10073,6817,11888,3638,12403,11668,12837,12400,13030,12476,11730,6282,7891,6319,6282,8236,6883,11316,8808,11928,6047,,9694,13127,7726,7170,7776,12603,6404,6002,6438,6132,7349,12335
Map Ta Phut,4271,13158,13966,12297,,1249,11771,10137,4671,12032,2379,12101,980,8811,1865,725,13878,13081,11758,2925,7935,13250,3128,3422,2791,13404,2367,1575,2611,13242,10075,13121,12212,13905,2154,3040,4562,13874,9645,3045,13517,1480,13792,2759,3342,2859,11515,13329,2716,12591,1382,4229,2459,3082,2527,,2926,6368,13531,2637,2605,11863,13883,13422,12377,885,12503,8935,,13293,12906,11224,12327,4580,2807,12192,3038,3130,2253,2690,2217,3390,11183,10067,12149,2363,11765,3524,3672,3588,12595,8788,2720,3841,10845,4355,11867,13026,12610,13219,13870,11919,2838,9711,2810,2839,1018,2389,11506,760,12117,2967,,8193,13337,1485,2094,2537,12813,2664,3041,2717,2926,1748,12545
Marmara,12066,242,6694,5348,,12062,1558,7384,13423,1465,12054,2702,13155,5173,13010,13168,6573,4753,1565,15338,14070,5228,11894,11732,15210,756,12088,13998,13052,5488,7117,4829,1463,6604,14573,15453,14139,6569,5997,15459,830,13904,4426,15178,11685,15278,1912,720,15135,3191,12150,12024,14878,15501,14946,,15340,16314,4131,11447,15024,2463,6578,716,1332,12421,804,13106,13301,,806,10378,2927,12375,15226,2793,15452,15549,14672,15109,14631,15809,10919,4815,5215,12085,5239,14088,12426,16007,5902,5241,15139,11636,9787,12150,2468,345,3210,1133,6565,1534,15255,5311,15229,15255,13252,14808,2071,12543,1207,15381,,5596,3938,13871,14513,13592,3414,15082,15455,15136,15340,14167,3146
Marsa Brega,11681,673,6309,4964,,11678,1174,7000,13038,1076,11669,2317,12771,4788,12626,12783,6188,4368,1180,14954,13685,4843,11509,11347,14826,775,11703,13614,12667,5104,6733,4445,1075,6219,14188,15069,13755,6184,5613,15074,903,13519,4041,14793,11300,14893,1527,692,14750,2807,11765,11640,14493,15116,14562,,14955,15929,3747,11062,14639,2079,6194,829,960,12036,419,12721,12916,809,,9994,2543,11991,14841,2408,15067,15165,14287,14724,14246,15424,10535,4430,4830,11700,4854,13704,12041,15622,5517,4856,14754,11251,9403,11766,2083,542,2826,1006,6181,1150,14870,4926,14844,14871,12867,14423,1687,12159,822,14996,,5211,3554,13486,14128,13208,3029,14698,15070,14751,14955,13782,2762
Mejillones,11658,10241,9844,8175,,10620,8854,3319,12058,9115,9185,9175,10489,7310,10044,10760,9756,9176,8841,9275,4295,9195,10529,10824,10130,10488,9219,10567,9101,9129,3777,9156,9296,9783,10334,9145,7177,9752,4483,9151,10600,10785,10799,9573,10744,9438,8599,10412,9989,9653,10143,11617,10016,9195,9638,,9276,6557,10593,10082,9677,8936,9761,10505,9461,10871,9586,3222,11224,10376,9989,,9400,11968,9482,9265,9144,9138,10060,9543,9820,8987,700,5945,8027,9216,7643,7903,11061,8765,8473,7345,9993,11228,625,11743,8940,10110,9672,10302,9748,9002,9414,5163,9494,9415,10338,10059,8588,10747,9200,9192,,6967,10400,10195,10274,9514,9875,9580,9146,9570,9276,10302,9608
Milford Haven,11097,2812,4770,3656,,11094,1425,6372,12455,1686,11086,556,12187,4205,12042,12199,4650,2641,1412,14370,13091,3170,10926,10763,14242,3059,11120,13030,12083,3464,6106,2719,1867,4680,13605,14485,13171,4645,4985,14491,3171,12936,1591,14210,10716,14309,1102,2983,14166,547,11182,11056,13909,14533,13978,,14371,15335,1487,10479,14056,530,4655,3077,2032,11452,2157,12127,12333,2948,2560,9399,,11407,14258,406,14484,14581,13703,14141,13662,14841,9941,3729,3564,11117,3733,13120,11458,15038,4223,4273,14170,10668,8808,11182,534,2681,566,2873,4642,1573,14286,4293,14261,14287,12284,13839,909,11575,1771,14412,,4628,1294,12902,13545,12624,770,14114,14486,14167,14371,13199,502
Mina Al Ahmadi,459,12243,13052,11383,,3354,10856,9223,1752,11117,4981,11187,4467,7897,5156,4460,12964,12167,10843,6630,11640,12336,1541,1515,6502,12490,5014,5290,5586,12327,9160,12207,11298,12990,5865,6745,7639,12959,8731,6751,12603,5196,12878,6470,1552,6570,10601,12415,6427,11676,4171,455,6170,6793,6238,,6632,10078,12616,1975,6316,10948,12969,12508,11463,3713,11588,12640,4593,12379,11991,11972,11412,,6518,11278,6744,6841,5964,6401,5923,7101,12513,9153,11234,5011,10851,6596,1094,7299,11681,7873,6431,795,11381,355,10953,12112,11695,12304,12956,11004,6547,8797,6521,6547,4564,6100,10592,3835,11202,6673,,7279,12423,5184,5805,5817,11899,6374,6747,6428,6632,5459,11631
Mizushima,6194,15081,15890,14221,,3172,13694,10675,6594,13955,3673,14025,2336,10735,2454,2242,15801,15004,13681,317,5346,15174,5051,5345,795,15328,3638,1460,3104,15165,11133,15044,14136,15828,1052,433,3956,15797,11568,438,15440,1708,15716,105,5266,69,13439,15252,653,14514,3205,6153,671,641,348,,318,3778,15454,4560,359,13786,15807,15345,14301,2808,14426,6356,2805,15216,14829,9487,14250,6503,,14115,431,689,719,139,636,959,8879,11991,14072,3635,13688,3430,5595,1156,14518,10711,657,5764,9621,6279,13790,14949,14533,15142,15794,13842,93,11635,416,93,2184,714,13430,2684,14040,362,,10117,15261,1615,1001,2575,14736,176,434,110,318,1196,14469
Montoir,10970,2685,4918,3742,,10966,1298,6260,12327,1559,10958,251,12059,4077,11914,12072,4797,2819,1284,14242,12963,3348,10798,10636,14114,2931,10992,12902,11956,3642,5993,2897,1739,4828,13477,14357,13043,4793,4873,14363,3044,12808,1964,14082,10589,14182,974,2856,14039,647,11054,10928,13782,14405,13850,,14244,15207,1587,10351,13928,366,4802,2949,1904,11325,2030,11999,12205,2820,2432,9272,419,11279,14130,,14356,14453,13576,14013,13535,14713,9813,3628,3637,10989,3759,12992,11330,14911,4308,4145,14043,10540,8681,11054,370,2553,666,2745,4789,1445,14159,4181,14133,14159,12156,13712,782,11447,1644,14285,,4500,1394,12775,13417,12496,870,13986,14359,14040,14244,13071,602
Negishi,6422,15309,16117,14448,,3400,13922,10351,6822,14183,3772,14252,2549,10962,2570,2475,16029,15232,13909,204,4992,15401,5279,5573,1168,15555,3733,1702,3199,15393,10809,15272,14363,16056,1294,13,3834,16025,11515,15,15668,1949,15943,514,5493,379,13666,15480,1027,14742,3418,6380,1032,828,590,,205,3423,15682,4788,732,14014,16034,15573,14528,3036,14654,6001,3038,15444,15057,9192,14478,6731,423,14343,,772,1012,485,851,756,8530,12218,14300,3730,13916,3322,5823,957,14746,10939,1031,5992,9293,6506,14018,15177,14761,15370,16021,14070,355,11862,789,356,2397,1035,13657,2911,14268,121,,10344,15488,1829,1243,2618,14964,550,10,512,205,1438,14696
Niigata,6519,15406,16215,14546,,3497,14019,10827,6919,14280,4067,14350,2671,11060,2848,2567,16126,15329,14006,901,4940,15499,5376,5670,1077,15653,4054,1785,3561,15490,11285,15369,14461,16153,1349,767,4410,16122,11894,773,15765,2033,16041,638,5591,742,13764,15577,936,14839,3525,6478,963,75,811,,902,3315,15779,4885,624,14111,16132,15670,14626,3133,14751,5963,3130,15541,15154,9138,14575,6829,691,14440,766,,1012,593,1055,384,8491,12316,14397,4051,14013,3898,5920,603,14843,11036,940,6089,9425,6604,14115,15274,14858,15467,16119,14167,766,11960,537,767,2519,1006,13755,3009,14365,818,,10442,15586,1951,1305,3037,15062,515,769,594,902,1522,14794
Ningbo,5641,14528,15337,13668,,2619,13141,10709,6041,13402,3197,13472,1801,10182,1978,1689,15248,14451,13128,899,5874,14621,4498,4792,613,14775,3185,907,2813,14612,11168,14491,13583,15275,421,1014,3972,15244,11016,1020,14887,1155,15163,668,4713,772,12886,14699,541,13961,2647,5600,281,963,488,,900,4249,14901,4007,466,13233,15254,14792,13748,2255,13873,6897,2252,14663,14276,10059,13697,5951,721,13562,1013,1011,,623,440,1271,9425,11438,13519,3182,13135,3432,5042,1459,13965,10158,545,5211,10130,5726,13237,14397,13980,14589,15241,13289,796,11082,679,796,1650,209,12877,2131,13487,944,,9564,14708,1081,385,2348,14184,544,1016,624,900,644,13916
Oita,6079,14966,15774,14105,,3057,13579,10531,6479,13840,3558,13909,2220,10619,2339,2127,15686,14889,13566,373,5402,15058,4936,5230,699,15212,3523,1344,2988,15050,10989,14929,14021,15713,937,488,3886,15682,11453,494,15325,1592,15601,93,5150,192,13323,15137,558,14399,3089,6037,575,545,233,,374,3834,15339,4445,263,13671,15691,15230,14185,2693,14311,6412,2690,15101,14714,9543,14135,6388,141,14000,487,594,624,,520,863,8934,11876,13957,3520,13573,3349,5480,1061,14403,10596,562,5649,9665,6163,13675,14834,14418,15027,15679,13727,216,11519,320,217,2069,618,13314,2569,13925,418,,10001,15145,1500,886,2460,14621,80,490,50,374,1081,14354
Okinawa,5600,14488,15296,13627,,2578,13101,10332,6000,13362,3102,13431,1728,10141,1883,1654,15208,14411,13087,736,5752,14580,4457,4752,861,14734,3076,882,2542,14571,10790,14451,13542,15234,546,852,3605,15204,10975,858,14847,1127,15122,589,4672,676,12845,14659,730,13920,2597,5559,575,1007,387,,737,4185,14861,3966,549,13192,15213,14752,13707,2215,13832,6761,2217,14623,14235,9820,13656,5910,638,13522,851,1055,440,520,,1315,9278,11397,13478,3073,13095,3066,5002,1512,13925,10117,734,5170,9749,5685,13197,14356,13939,14548,15200,13248,652,11041,738,653,1576,534,12836,2090,13447,778,,9523,14667,1008,486,2044,14143,585,854,547,737,619,13875
Otaru,6779,15666,16474,14805,,3757,14279,10811,7179,14540,4326,14609,2931,11319,3107,2827,16386,15589,14266,885,4761,15758,5636,5930,1346,15912,4314,2044,3820,15750,11269,15629,14721,16413,1609,751,4394,16382,11975,757,16025,2292,16301,908,5850,1012,14023,15837,1205,15099,3785,6737,1223,438,1080,,886,3102,16039,5145,910,14371,16391,15930,14885,3393,15011,5788,3390,15801,15414,8979,14835,7088,960,14700,750,384,1271,863,1315,,8316,12575,14657,4311,14273,3882,6180,279,15103,11296,1209,6349,9365,6863,14375,15534,15118,15727,16378,14427,1036,12219,760,1036,2779,1265,14014,3269,14625,801,,10701,15845,2210,1565,3270,15321,784,753,864,886,1781,15054
P.Melchorita,12199,10782,10385,8716,12053,11161,9395,3860,12599,9656,9349,9716,10448,7851,10003,10719,10297,9717,9382,8649,3633,9736,11071,11365,9483,11029,9383,10096,9140,9670,4318,9698,9837,10324,9739,8519,7263,10293,5024,8525,11141,10341,11340,8959,11285,8824,9140,10953,9342,10194,10307,12158,9368,8548,9035,11720,8650,5895,11134,10623,9029,9477,10302,11047,10002,10910,10127,2557,11183,10918,10530,700,9941,12509,8868,9806,8518,8491,9425,8930,9278,8324,,6487,8568,9380,8184,7969,11603,8102,9014,7886,9346,11769,1216,12284,9481,10651,10213,10843,10290,9543,8800,5704,8847,8801,10296,9411,9129,10786,9741,8566,12053,7508,10941,10091,9688,9473,10417,8932,8520,8957,8650,9833,10149
Pecem,8838,4677,3933,2265,,8835,3290,2937,10195,3551,8826,3533,9928,2830,9783,9940,3845,3319,3277,12111,9637,3304,8667,8504,11983,4924,8860,10771,9824,3229,2671,3290,3732,3871,11346,12226,9775,3841,1550,12231,5036,10676,5114,11950,8457,12050,3028,4848,11907,4011,8923,8797,11650,12274,11719,,12112,11881,4951,8219,11796,3295,3850,4941,3897,9193,4022,8673,10073,4812,4425,5945,3730,9148,11999,3624,12225,12322,11444,11881,11403,12581,6487,,2117,8857,1732,10578,9199,12779,2562,2898,11911,8408,5354,8923,3299,4546,4030,4738,3837,3438,12027,858,12001,12028,10024,11580,3012,9316,3636,12153,,3073,4758,10643,11286,10365,4234,11855,12227,11908,12112,10940,3966
Penuelas,10919,5078,1890,180,,10916,3691,5018,12276,3952,10908,3579,12009,4502,11864,12021,1802,1731,3678,14192,11718,1385,10748,10585,14064,5325,10942,12852,11905,1185,4752,1582,4133,1828,13427,14307,11857,1797,3631,14313,5437,12757,4531,14031,10538,14131,3374,5249,13988,3932,11004,10878,13731,14355,13800,,14193,13962,4677,10300,13878,3343,1807,5343,4298,11274,4423,10754,12154,5214,4826,8027,3563,11229,14080,3637,14306,14403,13525,13963,13484,14662,8568,2117,,10938,567,12659,11280,14860,715,4570,13992,10489,7436,11004,3347,4947,3951,5139,1794,3839,14108,2939,14082,14109,12106,13661,3270,11397,4037,14234,,4916,4483,12724,13367,12446,4064,13936,14308,13989,14193,13021,3887
Pluto LNG,4697,11948,12756,11087,6073,2235,10561,8857,5097,10822,93,10891,2072,7601,1323,2215,12668,11871,10547,3663,8149,12040,3554,3848,3721,12194,10,2784,1040,12031,8901,11911,11002,12694,3083,3730,3120,12664,8435,3736,12307,2871,12582,3587,3769,3639,10305,12119,3645,11381,1306,4655,3388,4003,3390,4088,3665,6928,12321,3063,3526,10652,12673,12212,11167,1871,11293,8824,2363,12083,11696,9216,11116,5006,3635,10982,3729,4051,3182,3518,3071,4311,9380,8857,10938,,10555,2076,4098,4508,11385,7577,3649,4267,8783,4782,10657,11816,11399,12008,12660,10708,3615,8501,3731,3616,2168,3318,10296,1747,10907,3684,6073,6983,12127,2183,3023,1699,11603,3583,3732,3545,3665,2715,11335
Point Fortin,10536,5102,2333,694,11381,10532,3715,4635,11893,3976,10524,3684,11625,4231,11480,11638,2245,2145,3702,13808,11334,1899,10364,10202,13680,5348,10558,12468,11522,1720,4368,2045,4157,2272,13043,13923,11473,2241,3248,13929,5461,12374,4794,13648,10154,13747,3405,5273,13605,4091,10620,10494,13348,13971,13416,10208,13810,13579,4902,9917,13494,3448,2250,5366,4321,10890,4447,10370,11771,5237,4850,7643,3733,10845,13696,3759,13922,14019,13142,13579,13100,14279,8184,1732,567,10555,,12275,10896,14477,953,4299,13609,10106,7052,10620,3452,4970,4110,5163,2237,3863,13725,2555,13699,13725,11722,13277,3317,11013,4061,13851,11381,4617,4709,12340,12983,12062,4289,13552,13925,13605,13809,12637,4046
Port Moresby,6282,13951,14476,12807,,3396,12564,7951,6682,12825,2122,12895,3025,9605,2339,3297,14388,13808,12551,3350,6228,13827,5139,5433,3868,14198,2082,3344,1262,13761,8409,13789,13006,14415,3424,3322,1108,14384,9115,3327,14310,3430,14586,3418,5353,3385,12309,14122,3738,13384,2535,6241,3593,3879,3279,,3351,5584,14324,4648,3523,12656,14393,14215,13171,3032,13296,6772,3524,14086,13699,7903,13120,6591,3429,12985,3320,3898,3433,3349,3066,3882,7962,10578,12659,2079,12275,,5683,3978,13105,9581,3742,5852,7464,6367,12660,13819,13403,14012,14381,12712,3361,9795,3653,3362,2874,3530,12300,2908,12910,3325,,8987,14131,2730,3364,1937,13606,3413,3323,3376,3351,3201,13339
Port Qasim,780,12287,13096,11427,,2442,10900,9267,1324,11161,4069,11231,3555,7941,4243,3547,13008,12211,10887,5718,10728,12380,605,505,5590,12534,4101,4378,4673,12371,9207,12251,11342,13034,4953,5833,6726,13003,8775,5838,12647,4283,12922,5557,542,5657,10645,12459,5514,11720,3258,738,5257,5881,5326,,5719,9166,12660,1059,5403,10992,13013,12552,11507,2800,11632,11728,3680,12423,12035,11061,11456,1089,5606,11322,5832,5929,5051,5488,5010,6188,11603,9197,11278,4098,10895,5683,,6386,11725,7917,5518,415,10470,864,10997,12156,11739,12348,13000,11048,5634,8841,5608,5635,3651,5187,10636,2923,11246,5760,,7323,12467,4271,4893,4904,11943,5462,5834,5515,5719,4547,11675
Prigorodnoye,6978,15866,16674,15005,8378,3956,14478,10728,7378,14739,4526,14809,3130,11519,3307,3027,16586,15789,14465,1081,4556,15958,5835,6130,1518,16112,4513,2244,4020,15949,11186,15829,14920,16612,1801,948,4486,16581,11892,954,16225,2492,16500,1107,6050,1212,14223,16037,1376,15298,3984,6937,1403,659,1280,6351,1083,2898,16238,5344,1064,14570,16591,16130,15085,3593,15210,5584,3590,16001,15613,8774,15034,7288,1160,14900,947,606,1461,1062,1514,283,8112,12775,14856,4510,14473,3973,6380,,15303,11495,1380,6548,9161,7063,14575,15734,15317,15926,16578,14626,1233,12419,997,1234,2979,1446,14214,3468,14824,998,8378,10901,16045,2410,1759,3467,15521,984,950,1063,1083,1981,15253
Puerto Bahia,11366,5766,1667,620,,11362,4379,5465,12723,4640,11354,4259,12455,5061,12310,12468,1578,2202,4365,14638,12165,1782,11194,11032,14510,6012,11388,13298,12352,1446,5198,2053,4820,1605,13873,14753,12303,1574,4078,14759,6125,13204,5163,14478,10985,14577,4061,5937,14435,4598,11450,11324,14178,14801,14246,,14640,14409,5319,10747,14324,4023,1584,6030,4985,11720,5110,11200,12601,5901,5513,8473,4223,11675,14526,4308,14752,14849,13972,14409,13930,15109,9014,2562,715,11385,953,13105,11726,15307,,5129,14439,10936,7882,11450,4027,5634,4617,5826,1571,4526,14555,3385,14529,14555,12552,14108,3957,11843,4725,14681,,5447,5125,13170,13813,12892,4706,14382,14755,14436,14640,13467,4552
Punta Europa,7558,5104,6414,4735,8435,7555,3717,4718,8915,3978,7547,4047,8648,136,8503,8660,6293,5053,3703,10831,11037,5322,7387,7224,10703,5350,7581,9491,8544,5432,4490,5119,4158,6324,10066,10946,9632,6289,3481,10951,5463,9396,5738,10670,7177,10770,3461,5275,10627,4536,7643,7517,10370,10994,10439,7262,10832,13281,5477,6939,10517,3808,6298,5368,4323,7913,4449,10072,8793,5239,4851,7345,4272,7868,10719,4138,10945,11042,10164,10601,10123,11301,7886,2898,4570,7577,4299,9581,7919,11499,5129,,10631,7128,6754,7643,3813,4972,4555,5164,6286,3864,10747,3017,10721,10748,8745,10300,3452,8036,4063,10873,8435,714,5283,9363,10006,9085,4759,10575,10947,10628,10832,9660,4491
Pyongtaek,6109,14996,15805,14136,,3087,13609,10990,6509,13870,3666,13940,2270,10650,2446,2158,15717,14919,13596,925,5801,15089,4966,5261,281,15243,3653,1375,3223,15080,11448,14960,14051,15743,898,1041,4284,15712,11484,1047,15356,1623,15631,613,5181,717,13354,15167,46,14429,3115,6068,426,903,579,,927,4176,15369,4475,391,13701,15722,15261,14216,2723,14341,6824,2721,15132,14744,10000,14165,6419,666,14031,1040,947,546,568,737,1216,9352,11906,13987,3650,13603,3744,5510,1385,14434,10626,,5679,10217,6194,13706,14865,14448,15057,15709,13757,741,11550,606,742,2118,505,13345,2599,13955,971,,10032,15176,1549,862,2739,14652,490,1042,569,927,1112,14384
Qalhat,484,11497,12306,10637,2397,2611,10110,8477,984,10371,4237,10441,3724,7151,4412,3716,12217,11420,10097,5887,10897,11590,798,786,5759,11744,4270,4547,4842,11581,8417,11460,10552,12244,5121,6002,6895,12213,7985,6007,11856,4452,12132,5726,823,5826,9855,11668,5683,10930,3427,442,5426,6049,5495,439,5888,9335,11870,1231,5572,10202,12223,11761,10717,2969,10842,11897,3849,11632,11245,11228,10666,793,5774,10531,6000,6098,5220,5657,5179,6357,11769,8407,10488,4267,10104,5852,415,6555,10934,7127,5687,,10637,568,10206,11365,10949,11558,12210,10258,5803,8051,5777,5804,3820,5356,9846,3092,10456,5929,2397,6533,11677,4440,5061,5073,11153,5631,6003,5684,5888,4716,10885
Quintero,11070,9653,9256,7587,,10032,8266,2731,11470,8527,8755,8587,10111,6722,9667,10383,9168,8588,8253,9419,4680,8607,9941,10236,10348,9900,8789,10257,8666,8540,3189,8568,8708,9195,10207,9291,6724,9164,3895,9297,10012,10474,10211,9711,10156,9576,8011,9824,10207,9065,9712,11029,10166,9481,9724,,9421,6942,10005,9494,9912,8348,9173,9917,8873,10390,8998,3637,10847,9788,9401,623,8812,11380,9620,8677,9290,9424,10141,9665,9751,9371,1213,5357,7438,8785,7055,7466,10473,9149,7885,6757,10211,10640,,11155,8352,9521,9084,9714,9160,8414,9553,4575,9781,9553,9960,10169,8000,10312,8612,9336,,6379,9812,9818,10147,9137,9287,9729,9293,9692,9421,10025,9020
Ras Laffan,214,12014,12823,11154,2945,3125,10627,8994,1523,10888,4752,10958,4238,7668,4927,4231,12735,11937,10614,6401,11411,12107,1312,1286,6273,12261,4784,5061,5357,12098,8931,11978,11069,12761,5636,6516,7410,12730,8502,6522,12373,4967,12649,6241,1323,6340,10372,12185,6198,11447,3942,210,5941,6564,6009,880,6403,9849,12387,1745,6087,10719,12740,12278,11234,3483,11359,12411,4364,12149,11762,11743,11183,355,6289,11048,6515,6612,5735,6172,5693,6872,12284,8924,11005,4781,10621,6366,865,7070,11451,7644,6202,566,11152,,10723,11883,11466,12075,12727,10775,6318,8568,6292,6318,4335,5870,10363,3606,10973,6444,2945,7050,12194,4955,5576,5588,11670,6145,6518,6198,6402,5230,11402
Reganosa,10650,2365,4694,3460,11515,10647,978,5940,12007,1239,10638,275,11740,3757,11595,11752,4574,2638,965,13923,12644,3164,10478,10316,13795,2611,10672,12583,11636,3434,5674,2717,1420,4604,13157,14038,12724,4569,4553,14043,2724,12488,2051,13762,10269,13862,655,2536,13719,788,10735,10609,13462,14086,13531,10342,13924,14888,1728,10031,13608,13,4579,2629,1585,11005,1710,11680,11885,2500,2113,8952,533,10960,13810,370,14036,14134,13256,13693,13215,14393,9493,3309,3347,10669,3452,12673,11011,14591,4027,3825,13723,10220,8361,10735,,2233,807,2426,4566,1126,13839,3861,13813,13840,11836,13392,462,11128,1324,13965,11515,4181,1535,12455,13098,12177,1011,13667,14039,13720,13924,12752,743
Revithoussa,11797,211,6425,5080,,11794,1290,7116,13154,1192,11786,2434,12887,4904,12742,12899,6305,4485,1297,15070,13802,4960,11626,11463,14942,588,11820,13730,12783,5220,6849,4561,1191,6335,14305,15185,13871,6300,5729,15190,664,13635,4157,14909,11416,15009,1644,538,14866,2923,11882,11756,14609,15233,14678,,15071,16046,3863,11178,14756,2195,6310,549,1064,12152,536,12837,13032,346,538,10110,2659,12107,14958,2524,15184,15281,14403,14840,14362,15540,10651,4547,4946,11816,4970,13820,12158,15738,5634,4972,14870,11367,9519,11882,2199,,2942,865,6297,1266,14986,5043,14960,14987,12984,14539,1803,12275,938,15112,,5328,3670,13602,14245,13324,3146,14814,15186,14867,15071,13899,2878
Rotterdam,11386,3101,5180,4045,12257,11382,1714,6669,12743,1975,11374,816,12475,4493,12330,12488,5060,3063,1700,14658,13367,3592,11214,11052,14530,3347,11408,13318,12372,3886,6403,3141,2155,5090,13893,14773,13459,5055,5282,14779,3460,13224,1398,14498,11005,14598,1390,3272,14455,156,11470,11344,14198,14821,14266,11084,14660,15611,1001,10767,14344,808,5065,3365,2320,11741,2445,12402,12621,3236,2848,9675,556,11695,14546,681,14772,14869,13992,14429,13951,15129,10216,4032,3946,11405,4102,13408,11746,15327,4611,4561,14459,10956,9084,11470,812,2969,,3161,5052,1861,14575,4590,14549,14575,12572,14128,1198,11863,2060,14701,12257,4916,808,13191,13833,12912,303,14402,14775,14456,14660,13487,164
Rovigo,11992,998,6620,5274,,11988,1484,7310,13349,1387,11980,2628,13081,5099,12936,13094,6499,4679,1491,15264,13996,5154,11820,11658,15136,1278,12014,13924,12978,5414,7043,4755,1385,6530,14499,15379,14065,6495,5923,15385,1373,13830,4352,15104,11611,15204,1838,1209,15061,3117,12076,11950,14804,15427,14872,,15266,16240,4058,11373,14950,2389,6504,1267,1257,12347,747,13032,13227,1133,1004,10304,2853,12301,15152,2719,15378,15475,14598,15035,14557,15735,10846,4741,5141,12011,5165,14014,12352,15933,5828,5167,15065,11562,9713,12076,2394,866,3136,,6491,1460,15181,5237,15155,15181,13178,14734,1997,12469,1133,15307,,5522,3864,13797,14439,13518,3340,15008,15381,15062,15266,14093,3072
Sabine Pass,12641,6430,512,1639,13549,12638,5043,6740,13998,5304,12629,4792,13731,6218,13586,13743,62,2313,5029,15914,13440,1794,12470,12307,15786,6676,12663,14574,13627,1346,6474,2164,5484,116,15149,16029,13578,3,5353,16034,6789,14479,5440,15753,12260,15853,4720,6601,15710,5039,12726,12600,15453,16077,15522,12376,15915,15684,5683,12022,15599,4562,67,6694,5649,12996,5775,12476,13876,6565,6178,9748,4643,12951,15802,4789,16028,16125,15247,15684,15206,16384,10290,3837,1794,12660,2237,14381,13002,16582,1571,6286,15714,12211,9157,12726,4566,6298,5058,6490,,5190,15830,4661,15804,15831,13827,15383,4593,13119,5389,15956,13549,6641,5490,14446,15089,14168,5070,15658,16030,15711,15915,14743,4994
Sagunto,10684,1400,5312,3967,11574,10681,241,6003,12041,155,10673,1321,11774,3792,11629,11786,5192,3372,169,13957,12689,3847,10513,10350,13829,1646,10707,12617,11670,4107,5736,3448,341,5222,13192,14072,12758,5187,4616,14078,1759,12522,3044,13796,10303,13896,531,1571,13753,1810,10769,10643,13496,14120,13565,10405,13958,14933,2750,10065,13643,1082,5197,1664,520,11039,744,11724,11919,1535,1147,8997,1546,10994,13845,1411,14071,14168,13290,13728,13249,14427,9538,3434,3833,10703,3857,12707,11045,14625,4521,3859,13757,10254,8406,10769,1086,1268,1829,1460,5184,,13873,3930,13847,13874,11871,13426,690,11162,381,13999,11574,4215,2557,12489,13132,12211,2033,13701,14073,13754,13958,12786,1765
Sakai,6224,15111,15920,14251,,3202,13724,10608,6624,13985,3659,14055,2352,10764,2443,2275,15831,15034,13711,250,5279,15203,5081,5375,872,15357,3620,1492,3086,15195,11067,15074,14166,15858,1084,366,3889,15827,11598,372,15470,1740,15746,182,5296,47,13469,15282,731,14544,3221,6182,748,718,381,,252,3711,15484,4590,436,13816,15837,15375,14331,2838,14456,6289,2837,15246,14859,9421,14280,6533,91,14145,365,766,796,216,652,1036,8812,12021,14102,3617,13718,3363,5625,1233,14548,10741,735,5794,9555,6309,13820,14979,14563,15172,15824,13872,,11665,493,11,2200,791,13460,2714,14070,296,,10146,15291,1631,1034,2540,14766,253,368,187,252,1229,14499
Salvador,8482,5174,4756,3087,,8479,3787,2160,9839,4048,8470,4086,9572,2953,9427,9584,4668,4088,3774,11755,8855,4107,8310,8148,11627,5420,8504,10415,9468,4041,1894,4069,4229,4695,10989,11870,8993,4664,773,11875,5533,10320,5705,11594,8101,11694,3531,5345,11551,4568,8566,8441,11294,11917,11363,,11756,11099,5508,7863,11440,3847,4673,5438,4393,8837,4519,7890,9717,5309,4922,5163,4294,8792,11642,4176,11868,11966,11088,11525,11047,12225,5704,858,2939,8501,2555,9795,8842,12423,3385,3017,11555,8052,4572,8567,3851,5042,4587,5235,4661,3935,11671,,11645,11672,9668,11224,3515,8960,4133,11797,,3060,5315,10287,10929,10009,4791,11499,11871,11552,11756,10584,4523
Samchok,6199,15086,15894,14225,,3177,13699,10835,6599,13960,3747,14029,2351,10739,2528,2247,15806,15009,13686,677,5296,15178,5056,5350,737,15332,3734,1464,3244,15170,11293,15049,14141,15833,1020,792,4190,15802,11573,798,15445,1712,15721,365,5270,469,13443,15257,595,14519,3205,6157,622,469,511,,678,3671,15459,4565,283,13791,15811,15350,14305,2813,14431,6319,2810,15221,14834,9494,14255,6508,417,14120,791,537,680,320,738,760,8847,11995,14077,3731,13693,3653,5600,995,14523,10716,599,5769,9782,6283,13795,14954,14538,15147,15798,13847,492,11639,,493,2199,665,13434,2689,14045,722,,10121,15265,1631,978,2738,14741,241,794,320,678,1201,14474
Senboku,6224,15112,15920,14251,,3202,13725,10609,6624,13986,3659,14055,2352,10765,2444,2275,15832,15035,13711,251,5280,15204,5082,5376,872,15358,3621,1493,3086,15195,11067,15075,14166,15858,1085,367,3890,15828,11599,372,15471,1741,15746,182,5296,48,13469,15283,731,14545,3221,6183,749,719,381,,252,3712,15485,4591,436,13816,15837,15376,14331,2839,14457,6290,2838,15247,14860,9421,14280,6534,92,14146,365,767,797,217,652,1036,8813,12021,14102,3618,13719,3364,5626,1234,14549,10741,735,5794,9555,6309,13821,14980,14563,15172,15824,13872,1,11665,493,,2200,791,13460,2714,14071,297,,10147,15291,1632,1034,2540,14767,254,368,188,252,1229,14499
Seria,4242,13119,13928,12259,5606,1220,11732,10099,4642,11993,2184,12063,212,8773,978,586,13840,13042,11719,2284,7289,13212,3099,3393,2189,13366,2171,1175,2104,13203,10046,13083,12174,13866,1551,2399,3676,13835,9607,2405,13479,1110,13754,2137,3314,2224,11477,13290,2113,12552,1187,4201,1856,2471,1914,3580,2285,5732,13492,2608,1995,11824,13845,13384,12339,856,12464,8235,1018,13255,12867,10338,12288,4552,2186,12154,2398,2519,1650,2069,1576,2779,10296,10029,12110,2168,11726,2874,3643,2977,12557,8749,2117,3812,9958,4327,11829,12988,12571,13180,13832,11880,2200,9673,2199,2201,,1786,11468,732,12078,2326,5606,8155,13299,715,1491,1650,12775,2053,2400,2095,2285,1181,12507
Shanghai,5776,14663,15471,13802,,2754,13276,10809,6176,13537,3332,13606,1936,10316,2113,1824,15383,14586,13263,923,5860,14755,4633,4927,558,14909,3319,1041,2925,14747,11267,14626,13717,15410,561,1038,4067,15379,11150,1044,15022,1289,15297,663,4847,767,13020,14834,502,14096,2782,5734,222,958,514,,924,4235,15036,4142,452,13367,15388,14927,13882,2390,14008,6883,2387,14798,14411,10059,13832,6085,716,13697,1037,1006,208,618,534,1266,9412,11572,13654,3316,13270,3528,5177,1445,14100,10292,506,5346,10169,5860,13372,14531,14115,14724,15375,13424,791,11216,666,791,1784,,13011,2265,13622,968,,9698,14842,1215,525,2459,14318,539,1040,619,924,778,14050
Sines,10277,1957,4721,3399,,10274,570,5590,11634,831,10266,669,11367,3384,11222,11379,4600,2753,557,13550,12279,3237,10106,9943,13422,2203,10300,12210,11263,3497,5323,2831,1012,4631,12785,13665,12351,4596,4203,13670,2316,12115,2392,13389,9896,13489,247,2128,13346,1158,10362,10236,13089,13713,13158,,13551,14524,2098,9658,13236,430,4605,2221,1176,10632,1302,11315,11512,2092,1705,8588,894,10587,13438,759,13664,13761,12883,13320,12842,14020,9129,3011,3270,10296,3317,12300,10638,14218,3957,3452,13350,9847,7997,10362,434,1825,1177,2018,4593,718,13466,3516,13440,13467,11464,13019,,10755,916,13592,,3808,1905,12082,12725,11804,1380,13294,13666,13347,13551,12379,1113
Singapore,3515,12402,13211,11542,4946,493,11015,9382,3915,11276,1764,11346,636,8056,1427,629,13123,12326,11002,2800,7809,12495,2372,2667,2671,12649,1751,1459,1996,12486,9319,12366,11457,13149,2034,2914,3953,13118,8890,2920,12762,1365,13037,2639,2587,2739,10760,12574,2596,11835,767,3474,2339,2962,2407,2920,2801,6248,12775,1881,2485,11107,13128,12667,11622,130,11747,8810,762,12538,12150,10748,11571,3825,2687,11437,2913,3010,2133,2570,2092,3270,10787,9312,11393,1748,11010,2909,2917,3468,11840,8032,2600,3085,10311,3600,11112,12271,11854,12463,13115,11163,2716,8956,2690,2716,733,2269,10751,,11361,2842,4946,7438,12582,1353,1974,2088,12058,2544,2916,2597,2801,1628,11790
Skikda,10891,1073,5519,4173,11777,10887,383,6209,12248,354,10879,1527,11980,3998,11835,11993,5398,3578,395,14163,12895,4053,10719,10557,14035,1319,10913,12823,11877,4313,5942,3654,412,5429,13398,14278,12964,5394,4822,14284,1432,12729,3251,14003,10510,14103,737,1244,13960,2017,10975,10849,13703,14326,13771,10604,14165,15139,2957,10272,13849,1288,5403,1337,444,11246,418,11931,12126,1208,821,9203,1752,11200,14051,1618,14277,14374,13497,13934,13456,14634,9745,3640,4040,10910,4064,12913,11251,14832,4727,4066,13964,10461,8612,10976,1293,941,2036,1133,5390,384,14080,4136,14054,14080,12077,13633,897,11368,,14206,11777,4421,2763,12696,13338,12417,2239,13907,14280,13961,14165,12992,1971
Sodeshi,6351,15238,16046,14377,,3329,13851,10421,6751,14112,3727,14181,2478,10891,2521,2404,15958,15161,13838,134,5041,15330,5208,5502,1101,15484,3688,1632,3154,15322,10879,15201,14292,15985,1227,128,3838,15954,11585,134,15597,1878,15872,447,5422,312,13595,15409,960,14671,3347,6309,966,878,524,,135,3473,15611,4717,665,13943,15963,15502,14457,2965,14583,6051,2967,15373,14986,9242,14407,6660,356,14272,127,822,945,418,778,806,8579,12147,14229,3685,13845,3325,5752,1007,14675,10868,964,5921,9341,6435,13947,15106,14690,15299,15950,13999,288,11791,722,289,2326,969,13586,2840,14197,,,10273,15417,1758,1177,2580,14893,482,129,444,135,1369,14625
Sokhna,2904,,,,,4504,11473,,1503,11740,6079,,,8514,6165,,,,11462,,,,,,,,6123,,6733,,,,,13624,,,,,,,,,13476,,,,11231,,,,,,,,,,,,,3199,,,,,,,,,,,,,,,,,,,,,,,12100,,,6120,11428,,,8425,,8482,,2444,,2992,11562,,12304,,13596,11621,,,,,5653,,,4993,11824,,,7876,,,,6903,,,,,,,
Soyo,6964,5459,6769,5080,7829,6961,4072,4495,8321,4333,6952,4402,8054,738,7909,8066,6648,5409,4059,10237,10658,5677,6792,6630,10109,5705,6986,8897,7950,5788,4304,5474,4514,6679,9471,10351,9037,6644,3390,10357,5818,8802,6094,10076,6583,10176,3816,5630,10033,4892,7048,6923,9776,10399,9845,6656,10238,12903,5832,6345,9922,4164,6654,5723,4678,7319,4804,9694,8199,5594,5207,6967,4628,7274,10124,4493,10350,10447,9570,10007,9529,10707,7508,3073,4916,6983,4617,8987,7324,10905,5447,714,10037,6534,6376,7049,4168,5327,4911,5520,6641,4220,10153,3060,10127,10154,8150,9706,3808,7442,4418,10279,7829,,5639,8769,9411,8491,5114,9981,10353,10034,10238,9065,4847
Swinoujscie,12107,3821,5615,4556,,12103,2434,7390,13464,2695,12095,1537,13196,5214,13051,13209,5495,3413,2421,15379,14087,3942,11935,11773,15251,4068,12129,14039,13093,4236,7124,3491,2876,5526,14614,15494,14180,5490,6003,15500,4181,13945,1455,15219,11726,15318,2111,3992,15176,846,12191,12065,14919,15542,14987,,15381,16332,297,11488,15065,1529,5500,4086,3041,12461,3166,13123,13342,3957,3569,10396,1277,12416,15267,1401,15493,15590,14713,15150,14671,15850,10937,4753,4480,12126,4705,14129,12467,16048,5123,5282,15180,11677,9805,12191,1533,3690,822,3882,5487,2582,15296,5311,15270,15296,13293,14849,1919,12584,2780,15422,,5637,,13911,14554,13633,735,15123,15496,15177,15381,14208,879
Tabangao,4859,13735,14544,12875,,1837,12348,10322,5259,12609,2201,12679,864,9389,981,920,14455,13658,12335,1711,6721,13828,3717,4011,1616,13982,2188,686,1963,13819,10663,13698,12790,14482,979,1826,3535,14451,10223,1832,14094,779,14370,1564,3931,1651,12093,13906,1540,13168,1807,4818,1283,1898,1341,,1712,5159,14108,3226,1422,12440,14461,13999,12955,1474,13080,7721,1483,13870,13483,10197,12904,5169,1613,12769,1825,1946,1077,1496,1003,2206,10092,10645,12726,2185,12342,2732,4261,2404,13172,9365,1544,4430,9817,4944,12444,13603,13187,13796,14448,12496,1627,10289,1627,1628,712,1213,12084,1349,12694,1753,,8771,13915,,919,1509,13391,1480,1827,1522,1712,610,13123
Taichung,5477,14364,15173,13504,,2455,12977,10682,5877,13238,3034,13308,1637,10018,1814,1526,15085,14287,12964,1125,6154,14457,4334,4628,924,14611,3021,743,2649,14448,11140,14328,13419,15111,145,1241,3898,15080,10852,1246,14723,991,14999,949,4549,1049,12722,14535,852,13797,2483,5436,592,1252,724,,1126,4537,14737,3843,761,13069,15090,14629,13584,2091,13709,7164,2088,14500,14112,10268,13533,5787,998,13399,1239,1300,379,880,480,1559,9683,11274,13355,3018,12971,3358,4878,1752,13801,9994,856,5047,10129,5562,13073,14233,13816,14425,15077,13125,1029,10918,972,1029,1486,521,12713,1967,13323,1170,,9400,14544,917,,2195,14020,833,1242,907,1126,480,13752
Tangguh,5503,13455,14264,12595,6856,2575,12068,9639,5903,12329,1742,12399,1801,9109,1338,2073,14176,13378,12055,2571,6938,13548,4360,4655,2847,13702,1703,2122,1169,13539,10097,13419,12510,14202,2261,2620,2852,14171,9943,2625,13814,2208,14090,2529,4575,2563,11813,13626,2732,12888,1714,5462,2524,2989,2341,4836,2572,5718,13828,3869,2550,12160,14181,13719,12675,2211,12800,7775,2537,13590,13203,9514,12624,5813,2577,12489,2618,3038,2349,2460,2044,3270,9473,10365,12446,1700,12062,1937,4904,3472,12892,9085,2736,5073,9135,5588,12164,13324,12907,13516,14168,12216,2539,10009,2738,2539,1650,2461,11804,2087,12414,2580,6856,8491,13635,1508,2201,,13111,2524,2621,2486,2572,1984,12843
Teesport,11578,3293,5198,4139,,11575,1906,6862,12935,2167,11566,1009,12668,4685,12523,12680,5078,2996,1893,14851,13559,3525,11407,11244,14723,3540,11600,13511,12564,3819,6595,3074,2348,5108,14086,14966,13652,5073,5475,14971,3652,13416,1222,14690,11197,14790,1583,3464,14647,324,11663,11537,14390,15014,14459,,14852,15803,928,10959,14537,1001,5083,3557,2513,11933,2638,12595,12813,3428,3041,9868,749,11888,14739,873,14965,15062,14184,14621,14143,15321,10409,4225,4063,11597,4288,13601,11939,15519,4706,4753,14651,11148,9276,11663,1005,3161,304,3354,5070,2054,14767,4783,14741,14768,12764,14320,1390,12056,2252,14893,,5109,735,13383,14026,13105,,14595,14967,14648,14852,13680,357
Tobata,6052,14939,15748,14079,,3030,13552,10596,6452,13813,3600,13883,2204,10593,2381,2101,15660,14862,13539,437,5381,15032,4909,5204,620,15186,3587,1318,3053,15023,11054,14903,13994,15686,882,553,3950,15655,11427,558,15299,1566,15574,125,5124,229,13297,15110,479,14372,3058,6011,496,467,297,,438,3756,15312,4418,184,13644,15665,15204,14159,2666,14284,6404,2664,15075,14687,9580,14108,6362,178,13974,552,515,545,80,585,784,8932,11849,13930,3584,13546,3413,5453,982,14376,10569,483,5622,9729,6137,13649,14808,14391,15000,15652,13700,253,11493,241,253,2053,539,13288,2542,13898,483,,9975,15119,1484,839,2524,14595,,554,81,438,1055,14327
Tokyo,6425,15312,16121,14452,,3403,13925,10354,6825,14186,3775,14256,2553,10966,2573,2478,16032,15235,13912,207,4995,15404,5282,5576,1171,15559,3737,1705,3202,15396,10813,15275,14367,16059,1297,9,3838,16028,11519,8,15671,1952,15947,517,5497,383,13670,15483,1030,14745,3422,6383,1035,832,594,,209,3426,15685,4791,735,14017,16038,15576,14532,3039,14657,6005,3041,15447,15060,9195,14481,6734,427,14346,10,775,1015,488,854,759,8533,12222,14303,3733,13919,3325,5826,960,14749,10942,1034,5995,9296,6510,14021,15180,14764,15373,16025,14073,359,11866,792,359,2401,1039,13661,2915,14271,124,,10347,15492,1832,1247,2621,14967,553,,515,209,1442,14700
Yanai,6105,14993,15801,14132,,3083,13606,10558,6505,13867,3585,13936,2247,10646,2365,2154,15713,14916,13592,400,5429,15085,4963,5257,700,15239,3550,1371,3015,15076,11016,14956,14047,15739,962,515,3912,15709,11480,521,15352,1619,15627,59,5177,163,13350,15164,559,14426,3116,6064,576,546,260,,401,3836,15366,4472,264,13697,15718,15257,14212,2720,14338,6438,2717,15128,14741,9570,14161,6415,112,14027,514,594,624,50,547,864,8961,11902,13983,3546,13600,3376,5507,1061,14430,10622,563,5675,9691,6190,13702,14861,14444,15053,15705,13753,187,11546,321,188,2095,619,13341,2595,13952,445,,10028,15172,1527,913,2486,14648,81,517,,401,1108,14380
Yokkaichi,6307,15195,16003,14334,,3285,13808,10428,6707,14069,3708,14138,2435,10848,2498,2361,15915,15118,13794,8,5124,15287,5164,5459,1054,15441,3670,1588,3135,15278,10886,15158,14249,15941,1180,210,3865,15911,11592,216,15554,1834,15829,400,5379,265,13552,15366,913,14627,3304,6266,919,900,477,,3,3555,15568,4674,618,13899,15920,15459,14414,2922,14539,6133,2924,15330,14942,9324,14363,6617,309,14229,209,904,898,371,735,888,8662,12104,14185,3667,13802,3351,5709,1090,14632,10824,917,5877,9423,6392,13904,15063,14646,15255,15907,13955,241,11748,675,242,2283,922,13543,2797,14154,135,,10230,15374,1715,1130,2572,14850,435,212,397,,1325,14582
Yung An,5137,14024,14833,13164,,2115,12637,10528,5537,12898,2731,12968,1332,9678,1512,1185,14744,13947,12624,1326,6341,14117,3994,4288,1183,14271,2718,342,2438,14108,10941,13987,13079,14771,545,1441,3741,14740,10511,1447,14383,598,14659,1150,4209,1250,12382,14195,1107,13457,2150,5096,850,1473,919,,1327,4759,14397,3503,996,12729,14750,14288,13244,1751,13369,7349,1748,14159,13772,10302,13193,5447,1198,13058,1440,1522,644,1081,619,1781,9833,10934,13015,2715,12631,3201,4538,1979,13461,9654,1111,4707,10024,5222,12733,13892,13476,14085,14737,12785,1229,10578,1201,1230,1181,780,12373,1627,12983,1369,,9060,14204,614,486,1984,13680,1055,1443,1108,1327,,13412
Zeebrugge,11325,3040,5120,3984,,11322,1653,6609,12682,1914,11313,756,12415,4432,12270,12427,4999,3003,1640,14598,13306,3532,11153,10991,14470,3286,11347,13258,12311,3826,6342,3081,2095,5030,13832,14713,13399,4995,5222,14718,3399,13163,1457,14437,10944,14537,1330,3211,14394,128,11410,11284,14137,14761,14206,,14599,15550,1066,10706,14283,748,5004,3304,2260,11680,2385,12342,12560,3175,2788,9614,496,11635,14485,620,14711,14809,13931,14368,13890,15068,10155,3972,3885,11344,4041,13348,11686,15266,4551,4500,14398,10895,9023,11410,752,2908,145,3101,4991,1801,14514,4530,14488,14515,12511,14067,1137,11803,1999,14640,,4856,873,13130,13773,12852,349,14342,14714,14395,14599,13427,