from,Abu Dhabi,Aliaga,Altamira,Andres,Arzew,Barcelona,Bilbao,Bonny,Cameron,Canaport,Cartagena,Cove Point,Damietta,Elba,Everett,Fos Sur Mer,Freeport,Golden Pass,Guanabara,Hadera,Hammerfest,Huelva,Idku,Isle of Grain,Klaipeda,La Coruna,Lake Charles,Limassol,Livorno,Malta,Marmara,Marsa Brega,Milford Haven,Montoir,Pecem,Penuelas,Point Fortin,Puerto Bahia,Punta Europa,Reganosa,Revithoussa,Rotterdam,Rovigo,Sabine Pass,Sagunto,Salvador,Sines,Skikda,Swinoujscie,Teesport,Zeebrugge,Arun,Balhaf,Barrow Island,Bintulu,Bontang,Cai Mep,Chita,Dabhol,Dahej,Dalian,Dampier,Dapeng,Darwin,Fujian,Futtsu,Gladstone,H-Ohgishima,Hainan,Hatsukaichi,Hazira,Himeji,Inchon,Jakarta,Jebel Ali,Jiangsu,Joetsu,Kagoshima,Kawagoe,Kochi,Kwangyang,Malacca,Map Ta Phut,Mina Al Ahmadi,Mizushima,Negishi,Niigata,Ningbo,Oita,Okinawa,Otaru,Pluto LNG,Port Moresby,Port Qasim,Prigorodnoye,Pyongtaek,Qalhat,Ras Laffan,Sakai,Samchok,Senboku,Seria,Shanghai,Singapore,Sodeshi,Tabangao,Taichung,Tangguh,Tobata,Tokyo,Yanai,Yokkaichi,Yung An,Aqaba,Soyo,Karachi,Sokhna,Bahia Blanca,Escobar
Abu Dhabi,,3650,9860,8515,4725,4631,5869,8340,9740,7920,4732,8395,3081,8655,7996,4630,9771,9735,9164,3183,7593,5079,3189,6358,7298,5630,9745,3234,4499,3966,3807,3829,6094,5960,7982,8382,8406,9069,8408,5634,3639,6377,4330,9732,4701,8478,5238,4373,7105,6581,6313,,,,,,,,,,,,,,,,,,,,,,,,,,,,,,,,,,,,,,,,,,,,,,,,,,,,,,,,,,,,,,,,,,,,
Aliaga,3675,,,,,,,,,,,,,,,,,,,,,,,,,,,,,,,,,,,,,,,,,,,,,,,,,,,5568,2305,7194,6681,7369,6673,8844,4119,4167,8716,7227,7504,7799,8078,8959,9853,8964,7409,8683,4204,8783,8640,6384,3634,8383,9007,8452,8845,4552,8529,5926,6806,3985,8731,8958,9055,8177,8614,8136,9314,7224,8809,3451,9512,8644,3223,3760,8760,8734,8761,6777,8313,6049,8886,7397,8019,8031,8588,8960,8641,8845,7673,,,,,,
Altamira,9882,,,,,,,,,,,,,,,,,,,,,,,,,,,,,,,,,,,,,,,,,,,,,,,,,,,11775,8512,,,,,,10326,10374,,,,,,,,,,,10411,,,,9841,,,,,10759,,12133,,10192,,,,,,,,,,9658,,,9430,9967,,,,,,,,,,,,,,,,,,,,,
Andres,8536,,,,,,,,,,,,,,,,,,,,,,,,,,,,,,,,,,,,,,,,,,,,,,,,,,,10429,7166,,,,,,8980,9029,,,,,,,,,,,9065,,,,8495,,,,,9413,,10787,,8846,,,,,,,,,,8312,,,8085,8621,,,,,,10910,,,,,,,,,,,,,,,
Aqaba,,,,,2065,1977,,5646,,,2083,,,,,,7065,,,,4912,2426,,,,,,,,,,,,,,,5740,,5739,2961,,3703,,7036,2051,,,1710,,,,,,,,,,,,,,,,,,,,,,,,,,,,,,,,,,,,,,,,,,,,,,,,,,,,,,,,,,,,,,,,,,,6106,,,,
Arun,,5556,11766,10421,6631,6537,7774,,11645,9825,6637,10300,4986,10561,9902,6535,11676,11641,,5089,9498,6984,5094,8264,9204,7536,11651,5139,6405,5872,5713,5735,8000,7865,,10287,10311,10974,,7540,5545,8283,6235,11638,6607,,7144,6279,9010,8486,8219,,,,,,,,,,,,,,,,,,,,,,,,,,,,,,,,,,,,,,,,,,,,,,,,,,,,,,,,,,,,,,,,,,,,
Arzew,4746,,,,,,,,,,,,,,,,,,,,,,,,,,,,,,,,,,,,,,,,,,,,,,,,,,,6639,3375,8265,7751,8440,7744,9915,5190,5238,9786,8298,8574,8870,9149,10029,10923,10035,8480,9754,5275,9854,9711,7455,4705,9454,10077,9522,9916,5623,9600,6997,7877,5056,9802,10028,10125,9248,9685,9207,10385,8295,9880,4522,10583,9715,4294,4831,9831,9805,9831,7848,9384,7119,9957,8468,9089,9101,9659,10031,9712,9916,8743,2065,,4550,1792,,
Bahia Blanca,,,,,,,,,,,,,,,,,,,,,,,,,,,,,,,,,,,,,,,,,,,,,,,,,,,,,9201,,,,,,,,,,,,,,,,,,,,,,,,,,,,,,,,,,,,,,,,,,,,,,,,,,,,,,,,,,,,,,,,,,
Balhaf,,2290,8500,7155,3365,3271,4509,6980,8380,6560,3372,7035,1721,7295,6636,3270,8411,8375,7804,1823,6233,3719,1829,4998,5938,4270,8385,1874,3139,2606,2447,2469,4734,4600,6622,7021,7046,7709,7048,4274,2279,5017,2970,8372,3341,7118,3878,3013,5745,5221,4953,,,,,,,,,,,,,,,,,,,,,,,,,,,,,,,,,,,,,,,,,,,,,,,,,,,,,,,,,,,,,,,,7403,,,9191,8924
Barcelona,4656,,,,,,,,,,,,,,,,,,,,,,,,,,,,,,,,,,,,,,,,,,,,,,,,,,,6549,3286,8175,7662,8350,7654,9825,5100,5148,9697,8208,8485,8780,9059,9940,10834,9945,8390,9664,5185,9764,9621,7365,4615,9364,9987,9433,9826,5533,9510,6907,7787,4966,9712,9938,10036,9158,9595,9117,10295,8205,9790,4432,10493,9625,4204,4741,9741,9715,9742,7758,9294,7030,9867,8378,8999,9011,9569,9941,9622,9826,8653,1977,,4463,1704,,
Barrow Island,,7184,,,8259,8165,9402,,,11453,8265,,6614,,11530,8163,,,,6717,11126,8613,6722,9892,10832,9164,,6767,8033,7500,7341,7363,9628,9493,,,,,,9168,7173,9911,7863,,8235,,8772,7907,10639,10114,9847,,,,,,,,,,,,,,,,,,,,,,,,,,,,,,,,,,,,,,,,,,,,,,,,,,,,,,,,,,,,,,,,,,,,
Bilbao,5921,,,,,,,,,,,,,,,,,,,,,,,,,,,,,,,,,,,,,,,,,,,,,,,,,,,7814,4551,9441,8927,9616,8919,11090,6366,6414,10962,9473,9750,10045,10325,11205,12099,11210,9655,10929,6450,11029,10886,8630,5880,10629,11253,10698,11091,6798,10776,8172,9052,6231,10978,11204,11301,10423,10860,10382,11560,9470,11055,5698,,10890,5470,6006,11006,10980,11007,9023,10559,8295,11132,9644,10265,10277,10834,11206,10887,11091,9919,,,,,,
Bintulu,,6662,,,7737,7643,8880,,,10931,7743,11406,6092,11667,11008,7641,,,,6195,10604,8090,6200,9370,10310,8642,,6245,7511,6978,6819,6841,9106,8971,,,,,,8646,6651,9389,7341,,7713,,8250,7385,10117,9592,9325,,,,,,,,,,,,,,,,,,,,,,,,,,,,,,,,,,,,,,,,,,,,,,,,,,,,,,,,,,,,,,,,,,,,
Bonny,8360,,,,,,,,,,,,,,,,,,,,,,,,,,,,,,,,,,,,,,,,,,,,,,,,,,,,6990,,,,,,,,,,,,,,,,,,,,,,8319,,,,,,,,,8670,,,,,,,,,,,,,7908,8445,,,,,,,,,,,,,,,,5646,,8133,5373,,
Bontang,,7359,,,8434,8340,9578,,,11629,8440,,6789,,11705,8338,,,,6892,11301,8788,6897,10067,11007,9339,,6942,8208,7675,7516,7538,9803,9668,,,,,,9343,7348,10086,8038,,8410,,8947,8082,10814,10289,10022,,,,,,,,,,,,,,,,,,,,,,,,,,,,,,,,,,,,,,,,,,,,,,,,,,,,,,,,,,,,,,,,,,,,
Cai Mep,,6654,,,7729,7635,8873,,,10924,7736,11399,6084,11659,11000,7634,,,,6187,10596,8083,6192,9362,10302,8634,,6238,7503,6970,6811,6833,9098,8963,,,,,,8638,6643,9381,7333,,7705,,8242,7377,10109,9585,9317,,,,,,,,,,,,,,,,,,,,,,,,,,,,,,,,,,,,,,,,,,,,,,,,,,,,,,,,,,,,,,,,,,,,
Cameron,9762,,,,,,,,,,,,,,,,,,,,,,,,,,,,,,,,,,,,,,,,,,,,,,,,,,,11654,8391,,,,,,10206,10254,,,,,,,,,,,10291,,,,9720,,,,,10638,,12012,,10071,,,,,,,,,,9538,,,9310,9846,,,,,,,,,,,,,,,,,,,,,
Canaport,7944,,,,,,,,,,,,,,,,,,,,,,,,,,,,,,,,,,,,,,,,,,,,,,,,,,,9837,6573,11463,10949,11638,10942,,8388,8436,,11496,,,,,,,11678,,8473,,,10653,7903,,,,,8821,,10195,11075,8254,,,,,,,,11493,,7720,,,7492,8029,,,,11046,,10317,,11666,,,,,,,,,,,,,
Cartagena,4754,,,,,,,,,,,,,,,,,,,,,,,,,,,,,,,,,,,,,,,,,,,,,,,,,,,6647,3384,8274,7760,8449,7752,9923,5199,5247,9795,8306,8583,8878,9158,10038,10932,10043,8488,9762,5283,9862,9719,7463,4713,9462,10086,9531,9924,5631,9609,7005,7885,5064,9811,10037,10134,9256,9693,9215,10393,8303,9888,4531,10591,9723,4303,4839,9839,9813,9840,7856,9392,7128,9965,8477,9098,9110,9667,10039,9720,9924,8752,2083,,4569,1810,,
Chita,,8823,,,9898,9804,11042,,,,9905,,8253,,,9803,,,,8356,12765,10252,8361,11531,12471,10803,,8407,9672,9139,8980,9002,11267,11132,,,,,,10807,8812,11550,9503,,9874,,10411,9546,12278,11754,11486,,,,,,,,,,,,,,,,,,,,,,,,,,,,,,,,,,,,,,,,,,,,,,,,,,,,,,,,,,,,,,,,,,,,
Cove Point,8415,,,,,,,,,,,,,,,,,,,,,,,,,,,,,,,,,,,,,,,,,,,,,,,,,,,10308,7044,,11420,,11413,,8859,8907,,,,,,,,,,,8944,,,11124,8374,,,,,9292,,10666,11546,8725,,,,,,,,,,8191,,,7963,8500,,,,11517,,10788,,,,,,,,,,,,,,,
Dabhol,,4109,10319,8974,5184,5090,6327,,10198,8378,5190,8853,3539,9114,8455,5088,10229,10194,,3642,8051,5537,3647,6817,7757,6089,10204,3692,4958,4425,4266,4288,6553,6418,8440,8840,8864,9527,,6093,4098,6836,4788,10191,5160,,5697,4832,7564,7039,6772,,,,,,,,,,,,,,,,,,,,,,,,,,,,,,,,,,,,,,,,,,,,,,,,,,,,,,,,,,,,,,,,,,,,
Dahej,,4156,10366,9020,5230,5137,6374,,10245,8425,5237,8900,3586,9160,8501,5135,10276,10241,,3688,8098,5584,3694,6863,7804,6135,10250,3739,5004,4471,4312,4334,6599,6465,8487,8887,8911,9574,,6140,4144,6882,4835,10237,5206,,5743,4879,7610,7086,6818,,,,,,,,,,,,,,,,,,,,,,,,,,,,,,,,,,,,,,,,,,,,,,,,,,,,,,,,,,,,,,,,,,,,
Dalian,,8697,,,9772,9678,10915,,,,9778,,8127,,,9676,,,,8230,12639,10125,8235,11405,12345,10677,,8280,9546,9013,8854,8876,11141,11006,,,,,,10681,8686,11424,9376,,9748,,10285,9420,12151,11627,11360,,,,,,,,,,,,,,,,,,,,,,,,,,,,,,,,,,,,,,,,,,,,,,,,,,,,,,,,,,,,,,,,,,,,
Damietta,3104,,,,,,,,,,,,,,,,,,,,,,,,,,,,,,,,,,,,,,,,,,,,,,,,,,,4996,1733,6623,6109,6798,6102,8272,3548,3596,8144,6656,6932,7228,7507,8387,9281,8393,6838,8112,3633,8212,8069,5813,3063,7812,8435,7880,8274,3981,7958,5355,6235,3413,8160,8386,8483,7606,8043,7565,8743,6653,8238,2880,8941,8073,2652,3189,8189,8163,8189,6206,7742,5477,8315,6826,7447,7459,8016,8389,8070,8274,7101,,,,,,
Dampier,,7217,,,8291,8198,9435,,,11486,8298,,6647,,11562,8196,,,,6749,11159,8645,6755,9925,10865,9196,,6800,8065,7532,7373,7395,9660,9526,,,,,,9201,7205,9944,7896,,8267,,8805,7940,10671,10147,9879,,,,,,,,,,,,,,,,,,,,,,,,,,,,,,,,,,,,,,,,,,,,,,,,,,,,,,,,,,,,,,,,,,,,
Dapeng,,7485,,,8560,8466,9703,,,,8566,,6915,,,8464,,,,7017,11427,8913,7023,10193,11133,9464,,7068,8334,7800,7641,7663,9929,9794,,,,,,9469,7474,10212,8164,,8536,,9073,8208,10939,10415,10147,,,,,,,,,,,,,,,,,,,,,,,,,,,,,,,,,,,,,,,,,,,,,,,,,,,,,,,,,,,,,,,,,,,,
Darwin,,7789,,,8864,8770,10007,,,,8870,,7219,,,8768,,,,7322,11731,9217,7327,10497,11437,9769,,7372,8638,8104,7946,7967,10233,10098,,,,,,9773,7778,10516,8468,,8840,,9377,8512,11243,10719,10451,,,,,,,,,,,,,,,,,,,,,,,,,,,,,,,,,,,,,,,,,,,,,,,,,,,,,,,,,,,,,,,,,,,,
Elba,8670,,,,,,,,,,,,,,,,,,,,,,,,,,,,,,,,,,,,,,,,,,,,,,,,,,,10563,7300,,11676,,11668,,9114,9162,,,,,,,,,,,9199,,,11379,8629,,,,,9547,,10921,11801,8980,,,,,,,,,,8446,,,8218,8755,,,,,,11044,,,,,,,,,,,,,,,
Escobar,,,,,,,,,,,,,,,,,,,,,,,,,,,,,,,,,,,,,,,,,,,,,,,,,,,,,8934,,,,,,,,,,,,,,,,,,,,,,,,,,,,,,,,,,,,,,,,,,,,,,,,,,,,,,,,,,,,,,,,,,
Everett,8014,,,,,,,,,,,,,,,,,,,,,,,,,,,,,,,,,,,,,,,,,,,,,,,,,,,9907,6644,11534,11020,11709,11012,,8459,8507,,11566,,,,,,,,,8544,,,10723,7973,,,,,8891,,10265,11145,8324,,,,,,,,11563,,7791,,,7563,8099,,,,11116,,10388,,,,,,,,,,,,,,,
Fos Sur Mer,4654,,,,,,,,,,,,,,,,,,,,,,,,,,,,,,,,,,,,,,,,,,,,,,,,,,,6547,3284,8174,7660,8349,7652,9823,5099,5147,9695,8206,8483,8778,9058,9938,10832,9943,8388,9662,5183,9762,9619,7363,4613,9362,9986,9431,9824,5531,9509,6905,7785,4964,9711,9937,10034,9156,9593,9115,10293,8203,9788,4431,10491,9623,4203,4739,9739,9713,9740,7756,9292,7028,9865,8377,8998,9010,9567,9939,9620,9824,8652,,,,,,
Freeport,9792,,,,,,,,,,,,,,,,,,,,,,,,,,,,,,,,,,,,,,,,,,,,,,,,,,,11685,8422,,,,,,10236,10284,,,,,,,,,,,10321,,,,9751,,,,,10669,,12043,,10102,,,,,,,,,,9568,,,9341,9877,,,,,,,,,,,,,,,,7065,,8566,6792,,
Fujian,,8059,,,9134,9041,10278,,,,9141,,7490,,,9039,,,,7592,12002,9488,7598,10767,11707,10039,,7643,8908,8375,8216,8238,10503,10369,,,,,,10044,8048,10786,8739,,9110,,9647,8782,11514,10990,10722,,,,,,,,,,,,,,,,,,,,,,,,,,,,,,,,,,,,,,,,,,,,,,,,,,,,,,,,,,,,,,,,,,,,
Futtsu,,8945,,,10020,9926,11163,,,,10026,,8375,,,9924,,,,8478,12887,10373,8483,11653,12593,10925,,8528,9794,9261,9102,9123,11389,11254,,,,,,10929,8934,11672,9624,,9996,,10533,9668,12399,11875,11607,,,,,,,,,,,,,,,,,,,,,,,,,,,,,,,,,,,,,,,,,,,,,,,,,,,,,,,,,,,,,,,,,,,,
Gladstone,,9842,,,10917,10823,12061,,,,10924,,9272,,,10822,,,,9375,,11271,9380,12550,,11822,,9426,10691,10158,9999,10021,,12151,,,,,,11826,9831,12569,10522,,10893,,11430,10565,,,12505,,,,,,,,,,,,,,,,,,,,,,,,,,,,,,,,,,,,,,,,,,,,,,,,,,,,,,,,,,,,,,,,,,,,
Golden Pass,9757,,,,,,,,,,,,,,,,,,,,,,,,,,,,,,,,,,,,,,,,,,,,,,,,,,,11650,8387,,,,,,10201,10249,,,,,,,,,,,10286,,,,9716,,,,,10634,,12008,,10067,,,,,,,,,,9533,,,9305,9842,,,,,,,,,,,,,,,,,,,,,
Guanabara,9184,,,,,,,,,,,,,,,,,,,,,,,,,,,,,,,,,,,,,,,,,,,,,,,,,,,,7814,,,,,,,,,,,,,,,,,,,,,,9143,,,,,,,,,9494,,,,,,,,,,,,,8733,9269,,,,,,,,,,,,,,,,,,,,,
H-Ohgishima,,8946,,,10021,9928,11165,,,,10028,,8377,,,9926,,,,8479,12889,10375,8485,11654,12594,10926,,8530,9795,9262,9103,9125,11390,11256,,,,,,10931,8935,11673,9626,,9997,,10534,9669,12401,11877,11609,,,,,,,,,,,,,,,,,,,,,,,,,,,,,,,,,,,,,,,,,,,,,,,,,,,,,,,,,,,,,,,,,,,,
Hadera,3209,,,,,,,,,,,,,,,,,,,,,,,,,,,,,,,,,,,,,,,,,,,,,,,,,,,5102,1838,6728,6214,6903,6207,8378,3653,3701,8249,6761,7037,7333,7612,8492,9386,8498,6943,8217,3738,8317,8174,5918,3168,7917,8540,7985,8379,4086,8063,5460,6340,3519,8265,8491,8588,7711,8148,7670,8848,6758,8343,2985,9046,8178,2757,3294,8294,8268,8294,6311,7847,5582,8420,6931,7552,7564,8122,8494,8175,8379,7206,,,,,,
Hainan,,7386,,,8461,8367,9605,,,11656,8467,,6816,,,8365,,,,6919,11328,8815,6924,10094,11034,9366,,6969,8235,7702,7543,7565,9830,9695,,,,,,9370,7375,10113,8065,,8437,,8974,8109,10841,10316,10049,,,,,,,,,,,,,,,,,,,,,,,,,,,,,,,,,,,,,,,,,,,,,,,,,,,,,,,,,,,,,,,,,,,,
Hammerfest,7630,,,,,,,,,,,,,,,,,,,,,,,,,,,,,,,,,,,,,,,,,,,,,,,,,,,9522,6259,11149,10635,11324,10628,12798,8074,8122,12670,11181,11458,11754,12033,12913,,12919,11364,12638,8159,12737,12595,10339,7588,12338,12961,12406,12800,8506,12484,9880,10761,7939,12686,12912,,12132,12569,12090,,11178,12763,7406,,12599,7178,7714,12715,12689,12715,10732,12267,10003,12841,11352,11973,11985,12542,12915,12595,12799,11627,4912,,7396,4639,,
Hatsukaichi,,8664,,,9739,9645,10883,,,,9746,,8094,,,9644,,,,8197,12606,10093,8202,11372,12312,10644,,8248,9513,8980,8821,8843,11108,10973,,,,,,10648,8653,11391,9344,,9715,,10252,9387,12119,11595,11327,,,,,,,,,,,,,,,,,,,,,,,,,,,,,,,,,,,,,,,,,,,,,,,,,,,,,,,,,,,,,,,,,,,,
Hazira,,4191,10401,9056,5266,5172,6410,,10281,8461,5273,8936,3621,9196,8537,5171,10311,10276,,3724,8133,5620,3729,6899,7839,6171,10286,3774,5040,4507,4348,4370,6635,6500,8523,8922,8946,9610,,6175,4180,6918,4870,10273,5242,,5779,4914,7646,7122,6854,,,,,,,,,,,,,,,,,,,,,,,,,,,,,,,,,,,,,,,,,,,,,,,,,,,,,,,,,,,,,,,,,,,,
Himeji,,8762,,,9837,9743,10980,,,,9843,,8192,,,9741,,,,8294,12704,10190,8300,11470,12410,10741,,8345,9611,9077,8918,8940,11206,11071,,,,,,10746,8751,11489,9441,,9813,,10350,9485,12216,11692,11424,,,,,,,,,,,,,,,,,,,,,,,,,,,,,,,,,,,,,,,,,,,,,,,,,,,,,,,,,,,,,,,,,,,,
Huelva,5102,,,,,,,,,,,,,,,,,,,,,,,,,,,,,,,,,,,,,,,,,,,,,,,,,,,6995,3732,8621,8107,8796,8100,10271,5546,5594,10142,8654,8930,9226,9505,10385,11279,10391,8836,10110,5631,10210,10067,7811,5061,9810,10433,9878,10272,5979,9956,7353,8233,5412,10158,10384,10481,9604,10041,9563,10741,8651,10236,4878,10939,10071,4650,5187,10187,10161,10187,8204,9740,7475,10313,8824,9445,9457,10015,10387,10068,10272,9099,2426,,4913,2153,,
Idku,3213,,,,,,,,,,,,,,,,,,,,,,,,,,,,,,,,,,,,,,,,,,,,,,,,,,,5105,1842,6732,6218,6907,6211,8381,3657,3705,8253,6765,7041,7337,7616,8496,9390,8502,6947,8221,3742,8321,8178,5922,3171,7921,8544,7989,8383,4090,8067,5464,6344,3522,8269,8495,8592,7715,8152,7674,8852,6761,8347,2989,9050,8182,2761,3298,8298,8272,8298,6315,7851,5586,8424,6935,7556,7568,8125,8498,8179,8383,7210,,,,,,
Inchon,,8634,,,9709,9615,10853,,,,9716,,8064,,,9614,,,,8167,12576,10063,8172,11342,12282,10614,,8217,9483,8950,8791,8813,11078,10943,,,,,,10618,8623,11361,9313,,9685,,10222,9357,12089,11565,11297,,,,,,,,,,,,,,,,,,,,,,,,,,,,,,,,,,,,,,,,,,,,,,,,,,,,,,,,,,,,,,,,,,,,
Isle of Grain,6386,,,,,,,,,,,,,,,,,,,,,,,,,,,,,,,,,,,,,,,,,,,,,,,,,,,8279,5016,9906,9392,10081,9384,11555,6831,6879,11427,9938,10215,10510,10790,11670,,11676,10120,11394,6915,11494,11351,9095,6345,11094,11718,11163,11556,7263,11241,8637,9517,6696,11443,11669,11766,10888,11326,10847,12025,9935,11520,6163,,11355,5935,6471,11471,11445,11472,9488,11024,8760,11597,10109,10730,10742,11299,11671,11352,11556,10384,,,,,,
Jakarta,,6374,,,7449,7355,8592,,,10643,7455,11118,5804,11378,10719,7353,,,,5906,10316,7802,5912,9082,10022,8353,,5957,7222,6689,6530,6552,8818,8683,,,,,,8358,6363,9101,7053,,7424,,7962,7097,9828,9304,9036,,,,,,,,,,,,,,,,,,,,,,,,,,,,,,,,,,,,,,,,,,,,,,,,,,,,,,,,,,,,,,,,,,,,
Jebel Ali,,3609,9819,8474,4684,4590,5827,8298,9698,7878,4690,8353,3039,8614,7955,4588,9729,9694,9123,3142,7551,5038,3147,6317,7257,5589,9704,3192,4458,3925,3766,3788,6053,5918,7940,8340,8364,9027,8366,5593,3598,6336,4288,9691,4660,8437,5197,4332,7064,6539,6272,,,,,,,,,,,,,,,,,,,,,,,,,,,,,,,,,,,,,,,,,,,,,,,,,,,,,,,,,,,,,,,,8718,,,,
Jiangsu,,8364,,,9439,9345,10583,,,,9446,,7794,,,9344,,,,7897,12306,9793,7902,11072,12012,10344,,7947,9213,8680,8521,8543,10808,10673,,,,,,10348,8353,11091,9043,,9415,,9952,9087,11819,11295,11027,,,,,,,,,,,,,,,,,,,,,,,,,,,,,,,,,,,,,,,,,,,,,,,,,,,,,,,,,,,,,,,,,,,,
Joetsu,,8988,,,10062,9969,11206,,,,10069,,8418,,,9967,,,,8520,12930,10416,8526,11695,12635,10967,,8571,9836,9303,9144,9166,11431,11297,,,,,,10972,8976,11714,9667,,10038,,10575,9711,12442,11918,11650,,,,,,,,,,,,,,,,,,,,,,,,,,,,,,,,,,,,,,,,,,,,,,,,,,,,,,,,,,,,,,,,,,,,
Kagoshima,,8433,,,9508,9414,10651,,,,9514,,7863,,,9412,,,,7966,12375,9861,7971,11141,12081,10413,,8016,9282,8749,8590,8611,10877,10742,,,,,,10417,8422,11160,9112,,9484,,10021,9156,11887,11363,11095,,,,,,,,,,,,,,,,,,,,,,,,,,,,,,,,,,,,,,,,,,,,,,,,,,,,,,,,,,,,,,,,,,,,
Karachi,,,,,4550,4463,,8133,,,4569,,,,,,8566,,,,7396,4913,,,,,,,,,,,,,,,8227,,8226,5447,,6189,,9522,4537,,,4194,,,,,,,,,,,,,,,,,,,,,,,,,,,,,,,,,,,,,,,,,,,,,,,,,,,,,,,,,,,,,,,,,,,8593,,,,
Kawagoe,,8824,,,9899,9805,11043,,,,9906,,8254,,,9804,,,,8357,12766,10253,8362,11532,12472,10804,,8407,9673,9140,8981,9003,11268,11133,,,,,,10808,8813,11551,9503,,9875,,10412,9547,12279,11754,11487,,,,,,,,,,,,,,,,,,,,,,,,,,,,,,,,,,,,,,,,,,,,,,,,,,,,,,,,,,,,,,,,,,,,
Klaipeda,7338,,,,,,,,,,,,,,,,,,,,,,,,,,,,,,,,,,,,,,,,,,,,,,,,,,,9230,5967,10857,10343,11032,10335,12506,7782,7830,12378,10889,11166,11462,11741,12621,,12627,11072,12346,7867,12445,12303,10046,7296,12045,12669,12114,12507,8214,12192,9588,10469,7647,12394,12620,12717,11839,12277,11798,,10886,12471,7114,,12306,6886,7422,12422,12397,12423,10440,11975,9711,12548,11060,11681,11693,12250,12622,12303,12507,11335,,,,,,
Kochi,,4542,10752,9406,5616,5523,6760,,10631,8811,5623,9286,3972,9546,8887,5521,10662,10627,,4074,8484,5970,4080,7249,8190,6521,10636,4125,5390,4857,4698,4720,6985,6851,,9273,9297,9960,,6526,4530,7268,5221,10623,5592,,6129,5265,7996,7472,7204,,,,,,,,,,,,,,,,,,,,,,,,,,,,,,,,,,,,,,,,,,,,,,,,,,,,,,,,,,,,,,,,,,,,
Kwangyang,,8510,,,9585,9491,10729,,,,9592,,7940,,,9490,,,,8043,12452,9939,8048,11218,12158,10490,,8094,9359,8826,8667,8689,10954,10819,,,,,,10494,8499,11237,9190,,9561,,10098,9233,11965,11441,11173,,,,,,,,,,,,,,,,,,,,,,,,,,,,,,,,,,,,,,,,,,,,,,,,,,,,,,,,,,,,,,,,,,,,
La Coruna,5685,,,,,,,,,,,,,,,,,,,,,,,,,,,,,,,,,,,,,,,,,,,,,,,,,,,7578,4315,9204,8690,9379,8683,10854,6129,6177,10725,9237,9513,9809,10088,10968,11862,10974,9419,10693,6214,10793,10650,8394,5644,10393,11016,10461,10855,6562,10539,7936,8816,5995,10741,10967,11064,10187,10624,10146,11324,9234,10819,5461,,10654,5233,5770,10770,10744,10770,8787,10323,8058,10896,9407,10028,10040,10598,10970,10651,10855,9682,,,,,,
Lake Charles,9767,,,,,,,,,,,,,,,,,,,,,,,,,,,,,,,,,,,,,,,,,,,,,,,,,,,11659,8396,,,,,,10211,10259,,,,,,,,,,,10296,,,,9725,,,,,10644,,12018,,10076,,,,,,,,,,9543,,,9315,9852,,,,,,,,,,,,,,,,,,,,,
Limassol,3258,,,,,,,,,,,,,,,,,,,,,,,,,,,,,,,,,,,,,,,,,,,,,,,,,,,5151,1888,6777,6264,6953,6256,8427,3702,3750,8299,6810,7087,7382,7662,8542,9436,8547,6992,8266,3787,8366,8223,5967,3217,7966,8590,8035,8428,4135,8112,5509,6389,3568,8315,8541,8638,7760,8197,7719,8897,6807,8392,3034,9095,8227,2807,3343,8343,8317,8344,6360,7896,5632,8469,6980,7602,7614,8171,8543,8224,8428,7256,,,,,,
Livorno,4524,,,,,,,,,,,,,,,,,,,,,,,,,,,,,,,,,,,,,,,,,,,,,,,,,,,6416,3153,8043,7529,8218,7522,9692,4968,5016,9564,8076,8352,8648,8927,9807,10701,9813,8258,9532,5053,9632,9489,7233,4482,9232,9855,9300,9694,5401,9378,6775,7655,4833,9580,9806,9903,9026,9463,8985,10163,8073,9658,4300,10361,9493,4072,4609,9609,9583,9609,7626,9162,6897,9735,8246,8867,8879,9436,9809,9490,9694,8521,,,,,,
Malacca,,5910,12120,10775,6985,6891,8128,,11999,10179,6991,10654,5340,10915,10255,6889,12030,11995,,5443,9852,7338,5448,8618,9558,7890,12005,5493,6759,6226,6067,6089,8354,8219,,10641,10665,,,7894,5899,8637,6589,11992,6961,,7498,6633,9364,8840,8573,,,,,,,,,,,,,,,,,,,,,,,,,,,,,,,,,,,,,,,,,,,,,,,,,,,,,,,,,,,,,,,,,,,,
Malta,3991,,,,,,,,,,,,,,,,,,,,,,,,,,,,,,,,,,,,,,,,,,,,,,,,,,,5883,2620,7510,6996,7685,6988,9159,4435,4483,9031,7542,7819,8114,8394,9274,10168,9280,7725,8998,4520,9098,8955,6699,3949,8698,9322,8767,9160,4867,8845,6241,7122,4300,9047,9273,9370,8492,8930,8451,9630,7539,9124,3767,9827,8959,3539,4075,9075,9050,9076,7093,8628,6364,9201,7713,8334,8346,8903,9275,8956,9160,7988,,,,,,
Map Ta Phut,,6787,,,7862,7768,9006,,,11057,7869,11532,6217,11792,11133,7767,,,,6320,10729,8216,6325,9495,10435,8767,,6371,7636,7103,6944,6966,9231,9096,,11518,11542,,,8771,6776,9514,7467,,7838,,8375,7510,10242,9718,9450,,,,,,,,,,,,,,,,,,,,,,,,,,,,,,,,,,,,,,,,,,,,,,,,,,,,,,,,,,,,,,,,,,,,
Marmara,3830,,,,,,,,,,,,,,,,,,,,,,,,,,,,,,,,,,,,,,,,,,,,,,,,,,,5722,2459,7349,6835,7524,6828,8998,4274,4322,8870,7382,7658,7954,8233,9113,10007,9119,7564,8838,4359,8938,8795,6539,3788,8538,9161,8606,9000,4707,8684,6081,6961,4139,8886,9112,9209,8332,8769,8291,9469,7379,8964,3606,9667,8799,3378,3915,8915,8889,8915,6932,8468,6203,9041,7552,8173,8185,8742,9115,8796,9000,7827,,,,,,
Marsa Brega,3853,,,,,,,,,,,,,,,,,,,,,,,,,,,,,,,,,,,,,,,,,,,,,,,,,,,5746,2483,7372,6859,7548,6851,9022,4297,4345,8894,7405,7682,7977,8257,9137,10031,9142,7587,8861,4382,8961,8818,6562,3812,8561,9185,8630,9023,4730,8707,6104,6984,4163,8910,9136,9233,8355,8792,8314,9492,7402,8987,3629,9690,8822,3402,3938,8938,8912,8939,6955,8491,6227,9064,7575,8197,8209,8766,9138,8819,9023,7851,,,,,,
Milford Haven,6137,,,,,,,,,,,,,,,,,,,,,,,,,,,,,,,,,,,,,,,,,,,,,,,,,,,8029,4766,9656,9142,9831,9135,11305,6581,6629,11177,9688,9965,10261,10540,11420,,11426,9871,11145,6666,11244,11102,8846,6095,10845,11468,10913,11307,7013,10991,8387,9268,6446,11193,11419,11516,10639,11076,10597,11776,9685,11270,5913,,11106,5685,6221,11222,11196,11222,9239,10774,8510,11348,9859,10480,10492,11049,11422,11102,11306,10134,,,,,,
Mina Al Ahmadi,,3969,10179,8834,5044,4950,6188,8659,10059,8239,5051,8714,3400,8974,8315,4949,10090,10055,9483,3502,7912,5398,3508,6677,7617,5949,10064,3553,4818,4285,4126,4148,6413,6279,8301,8701,8725,9388,8727,5954,3958,6696,4649,10051,5020,8797,5557,4692,7424,6900,6632,,,,,,,,,,,,,,,,,,,,,,,,,,,,,,,,,,,,,,,,,,,,,,,,,,,,,,,,,,,,,,,,9076,,,,
Mizushima,,8711,,,9785,9692,10929,,,,9792,,8141,,,9690,,,,8243,12653,10139,8249,11419,12359,10690,,8294,9559,9026,8867,8889,11154,11020,,,,,,10695,8699,11437,9390,,9761,,10299,9434,12165,11641,11373,,,,,,,,,,,,,,,,,,,,,,,,,,,,,,,,,,,,,,,,,,,,,,,,,,,,,,,,,,,,,,,,,,,,
Montoir,6009,,,,,,,,,,,,,,,,,,,,,,,,,,,,,,,,,,,,,,,,,,,,,,,,,,,7902,4638,9528,9014,9703,9007,11177,6453,6501,11049,9561,9837,10133,10412,11292,12186,11298,9743,11017,6538,11117,10974,8718,5968,10717,11340,10785,11179,6886,10863,8260,9140,6319,11065,11291,11388,10511,10948,10470,11648,9558,11143,5785,,10978,5557,6094,11094,11068,11094,9111,10647,8382,11220,9731,10352,10364,10922,11294,10975,11179,10006,,,,,,
Negishi,,8938,,,10013,9919,11157,,,,10020,,8368,,,9918,,,,8471,12880,10367,8476,11646,12586,10918,,8522,9787,9254,9095,9117,11382,11247,,,,,,10922,8927,11665,9618,,9989,,10526,9661,12393,11869,11601,,,,,,,,,,,,,,,,,,,,,,,,,,,,,,,,,,,,,,,,,,,,,,,,,,,,,,,,,,,,,,,,,,,,
Niigata,,9036,,,10111,10017,11254,,,,10117,,8466,,,10015,,,,8568,,10464,8574,11744,12684,11015,,8619,9884,9351,9192,9214,11480,11345,,,,,,11020,9025,11763,9715,,10086,,10624,9759,12490,11966,11698,,,,,,,,,,,,,,,,,,,,,,,,,,,,,,,,,,,,,,,,,,,,,,,,,,,,,,,,,,,,,,,,,,,,
Ningbo,,8158,,,9233,9139,10376,,,,9239,,7588,,,9137,,,,7691,12100,9586,7696,10866,11806,10138,,7741,9007,8474,8315,8336,10602,10467,,,,,,10142,8147,10885,8837,,9209,,9746,8881,11612,11088,10820,,,,,,,,,,,,,,,,,,,,,,,,,,,,,,,,,,,,,,,,,,,,,,,,,,,,,,,,,,,,,,,,,,,,
Oita,,8595,,,9670,9576,10814,,,,9677,,8026,,,9575,,,,8128,12538,10024,8134,11303,12243,10575,,8179,9444,8911,8752,8774,11039,10905,,,,,,10579,8584,11322,9275,,9646,,10183,9318,12050,11526,11258,,,,,,,,,,,,,,,,,,,,,,,,,,,,,,,,,,,,,,,,,,,,,,,,,,,,,,,,,,,,,,,,,,,,
Okinawa,,8117,,,9192,9098,10336,,,,9198,,7547,,,9096,,,,7650,12059,9546,7655,10825,11765,10097,,7700,8966,8433,8274,8296,10561,10426,,,,,,10101,8106,10844,8796,,9168,,9705,8840,11572,11047,10780,,,,,,,,,,,,,,,,,,,,,,,,,,,,,,,,,,,,,,,,,,,,,,,,,,,,,,,,,,,,,,,,,,,,
Otaru,,9295,,,10370,10276,11514,,,,10377,,8726,,,10275,,,,8828,,10724,8834,12003,,11275,,8879,10144,9611,9452,9474,11739,11604,,,,,,11279,9284,12022,9975,,10346,,10883,10018,,12226,11958,,,,,,,,,,,,,,,,,,,,,,,,,,,,,,,,,,,,,,,,,,,,,,,,,,,,,,,,,,,,,,,,,,,,
Pecem,8002,,,,,,,,,,,,,,,,,,,,,,,,,,,,,,,,,,,,,,,,,,,,,,,,,,,,6631,,,,,,8446,8494,,,,,,,,,,,8531,,,,7960,,,,,,,,,8311,,,,,,,,,,7778,,,7550,8086,,,,,,,,,,,,,,,,,,,,,
Penuelas,8403,,,,,,,,,,,,,,,,,,,,,,,,,,,,,,,,,,,,,,,,,,,,,,,,,,,10295,7032,,,,,,8847,8895,,,,,,,,,,,8932,,,,8361,,,,,9279,,10653,,8712,,,,,,,,,,8179,,,7951,8487,,,,,,10776,,,,,,,,,,,,,,,
Pluto LNG,,7213,,,8288,8195,9432,,,11483,8295,,6644,,11559,8193,,,,6746,11156,8642,6752,9921,10861,9193,,6797,8062,7529,7370,7392,9657,9523,,,,,,9198,7202,9940,7893,,8264,,8801,7936,10668,10144,9876,,,,,,,,,,,,,,,,,,,,,,,,,,,,,,,,,,,,,,,,,,,,,,,,,,,,,,,,,,,,,,,,,,,,
Point Fortin,8426,,,,,,,,,,,,,,,,,,,,,,,,,,,,,,,,,,,,,,,,,,,,,,,,,,,10319,7056,,,,,,8870,8918,,,,,,,,,,,8955,,,,8385,,,,,9303,,10677,11557,8736,,,,,,,,,,8202,,,7974,8511,,,,,,10800,,,,,,,,,,5740,,8227,5467,,
Port Moresby,,8799,,,9873,9780,11017,,,,9880,,8229,,,9778,,,,8331,12741,10227,8337,11506,12447,10778,,8382,9647,9114,8955,8977,11242,11108,,,,,,10783,8787,11525,9478,,9849,,10386,9522,12253,11729,11461,,,,,,,,,,,,,,,,,,,,,,,,,,,,,,,,,,,,,,,,,,,,,,,,,,,,,,,,,,,,,,,,,,,,
Port Qasim,,3441,9651,8306,4516,4422,5659,,9530,7710,4522,8185,2871,8446,7786,4420,9561,9526,,2974,7383,4869,2979,6149,7089,5421,9536,3024,4290,3757,3598,3620,5885,5750,7772,8172,8196,8859,,5425,3430,6168,4120,9523,4492,8268,5029,4164,6895,6371,6104,,,,,,,,,,,,,,,,,,,,,,,,,,,,,,,,,,,,,,,,,,,,,,,,,,,,,,,,,,,,,,,,,,,,
Prigorodnoye,,9495,,,10570,10476,,,,,10576,,8925,,,10474,,,,9028,,10924,9033,,,,,9078,10344,9811,9652,9674,,,,,,,,,9484,,10174,,10546,,11083,10218,,,,,,,,,,,,,,,,,,,,,,,,,,,,,,,,,,,,,,,,,,,,,,,,,,,,,,,,,,,,,,,,,,,,,,,
Puerto Bahia,9090,,,,,,,,,,,,,,,,,,,,,,,,,,,,,,,,,,,,,,,,,,,,,,,,,,,10982,7719,,,,,,9534,9582,,,,,,,,,,,9619,,,,9049,,,,,9967,,,,9399,,,,,,,,,,8866,,,8638,9175,,,,,,,,,,,,,,,,,,,,,
Punta Europa,8428,,,,,,,,,,,,,,,,,,,,,,,,,,,,,,,,,,,,,,,,,,,,,,,,,,,,7057,,,,,,,,,,,,,,,,,,,,,,8387,,10893,,,,,,,8738,,,,,,,,,,,,,7976,8513,,,,,,,,,,,,,,,,5739,,8226,5466,,
Pyongtaek,,8626,,,9701,9607,10844,,,,9707,,8056,,,9605,,,,8159,12568,10054,8164,11334,12274,10606,,8209,9475,8942,8783,8805,11070,10935,,,,,,10610,8615,11353,9305,,9677,,10214,9349,12081,11556,11289,,,,,,,,,,,,,,,,,,,,,,,,,,,,,,,,,,,,,,,,,,,,,,,,,,,,,,,,,,,,,,,,,,,,
Qalhat,,3202,9412,8067,4277,4183,5421,7891,9291,7472,4283,7946,2632,8207,7548,4181,9322,9287,8716,2735,7144,4631,2740,5910,6850,5182,9297,2785,4051,3518,3359,3381,5646,5511,7534,7933,7957,8620,7959,5186,3191,5929,3881,9284,4253,8030,4790,3925,6657,6132,5865,,,,,,,,,,,,,,,,,,,,,,,,,,,,,,,,,,,,,,,,,,,,,,,,,,,,,,,,,,,,,,,,8303,,,,
Ras Laffan,,3740,9950,8605,4815,4721,5959,8429,9830,8010,4822,8485,3170,8745,8086,4720,9860,9825,9254,3273,7682,5169,3278,6448,7388,5720,9835,3324,4589,4056,3897,3919,6184,6049,8072,8471,8495,9159,8497,5724,3729,6467,4419,9822,4791,8568,5328,4463,7195,6671,6403,,,,,,,,,,,,,,,,,,,,,,,,,,,,,,,,,,,,,,,,,,,,,,,,,,,,,,,,,,,,,,,,,,,,
Reganosa,5689,,,,,,,,,,,,,,,,,,,,,,,,,,,,,,,,,,,,,,,,,,,,,,,,,,,7582,4319,9209,8695,9384,8687,10858,6133,6182,10730,9241,9518,9813,10093,10973,11867,10978,9423,10697,6218,10797,10654,8398,5648,10397,11021,10466,10859,6566,10543,7940,8820,5999,10746,10972,11069,10191,10628,10150,11328,9238,10823,5465,,10658,5238,5774,10774,10748,10775,8791,10327,8063,10900,9411,10033,10045,10602,10974,10655,10859,9687,2961,,5447,2688,,
Revithoussa,3663,,,,,,,,,,,,,,,,,,,,,,,,,,,,,,,,,,,,,,,,,,,,,,,,,,,5556,2293,7182,6669,7357,6661,8832,4107,4155,8704,7215,7492,7787,8066,8947,9841,8952,7397,8671,4192,8771,8628,6372,3622,8371,8994,8440,8833,4540,8517,5914,6794,3973,8719,8945,9043,8165,8602,8124,9302,7212,8797,3439,9500,8632,3211,3748,8748,8722,8749,6765,8301,6037,8874,7385,8007,8018,8576,8948,8629,8833,7661,,,,,,
Rotterdam,6425,,,,,,,,,,,,,,,,,,,,,,,,,,,,,,,,,,,,,,,,,,,,,,,,,,,8317,5054,9944,9430,10119,9423,11593,6869,6917,11465,9977,10253,10549,10828,11708,,11714,10159,11433,6954,11533,11390,9134,6384,11133,11756,11201,11595,7302,11279,8676,9556,6734,11481,11707,11804,10927,11364,10886,12064,9974,11559,6201,,11394,5973,6510,11510,11484,11510,9527,11063,8798,11636,10147,10768,10780,11338,11710,11391,11595,10422,3703,,6189,3430,,
Rovigo,4353,,,,,,,,,,,,,,,,,,,,,,,,,,,,,,,,,,,,,,,,,,,,,,,,,,,6245,2982,7872,7358,8047,7350,9521,4797,4845,9393,7904,8181,8476,8756,9636,10530,9642,8087,9360,4882,9460,9317,7061,4311,9060,9684,9129,9522,5229,9207,6603,7484,4662,9409,9635,9732,8854,9292,8813,9992,7901,9486,4129,10189,9321,3901,4437,9437,9412,9438,7455,8990,6726,9563,8075,8696,8708,9265,9637,9318,9522,8350,,,,,,
Sabine Pass,9754,,,,,,,,,,,,,,,,,,,,,,,,,,,,,,,,,,,,,,,,,,,,,,,,,,,11647,8383,,,,,,10198,10246,,,,,,,,,,,10283,,,,9713,,,,,10631,,12005,,10064,,,,,,,,,,9530,,,9302,9839,,,,,,,,,,,,,,,,7036,,9522,6763,,
Sagunto,4724,,,,,,,,,,,,,,,,,,,,,,,,,,,,,,,,,,,,,,,,,,,,,,,,,,,6616,3353,8243,7729,8418,7722,9892,5168,5216,9764,8276,8552,8848,9127,10007,10901,10013,8458,9732,5253,9832,9689,7433,4682,9432,10055,9500,9894,5601,9578,6975,7855,5033,9780,10006,10103,9226,9663,9185,10363,8273,9858,4500,10561,9693,4272,4809,9809,9783,9809,7826,9362,7097,9935,8446,9067,9079,9636,10009,9690,9894,8721,2051,,4537,1778,,
Sakai,,8740,,,9815,9722,10959,,,,9822,,8171,,,9720,,,,8273,12683,10169,8279,11448,12388,10720,,8324,9589,9056,8897,8919,11184,11050,,,,,,10725,8729,11467,9420,,9791,,10328,9463,12195,11671,11403,,,,,,,,,,,,,,,,,,,,,,,,,,,,,,,,,,,,,,,,,,,,,,,,,,,,,,,,,,,,,,,,,,,,
Salvador,8498,,,,,,,,,,,,,,,,,,,,,,,,,,,,,,,,,,,,,,,,,,,,,,,,,,,,7128,,,,,,,,,,,,,,,,,,,,,,8457,,,,,,,,,8808,,,,,,,,,,8274,,,8046,8583,,,,,,,,,,,,,,,,,,,,,
Samchok,,8715,,,9790,9696,10934,,,,9797,,8146,,,9695,,,,8248,12658,10144,8254,11423,12363,10695,,8299,9564,9031,8872,8894,11159,11025,,,,,,10699,8704,11442,9395,,9766,,10303,9438,12170,11646,11378,,,,,,,,,,,,,,,,,,,,,,,,,,,,,,,,,,,,,,,,,,,,,,,,,,,,,,,,,,,,,,,,,,,,
Senboku,,8741,,,9816,9722,10960,,,,9822,,8171,,,9721,,,,8274,12683,10170,8279,11449,12389,10721,,8324,9590,9057,8898,8920,11185,11050,,,,,,10725,8730,11468,9420,,9792,,10329,9464,12196,11671,11404,,,,,,,,,,,,,,,,,,,,,,,,,,,,,,,,,,,,,,,,,,,,,,,,,,,,,,,,,,,,,,,,,,,,
Seria,,6759,,,7833,7740,8977,,,11028,7840,11503,6189,,11104,7738,,,,6291,10701,8187,6297,9467,10407,8738,,6342,7607,7074,6915,6937,9202,9068,,,,,,8743,6747,9486,7438,,7809,,8347,7482,10213,9689,9421,,,,,,,,,,,,,,,,,,,,,,,,,,,,,,,,,,,,,,,,,,,,,,,,,,,,,,,,,,,,,,,,,,,,
Shanghai,,8292,,,9367,9273,10511,,,,9374,,7722,,,9272,,,,7825,12234,9721,7830,11000,11940,10272,,7876,9141,8608,8449,8471,10736,10601,,,,,,10276,8281,11019,8972,,9343,,9880,9015,11747,11223,10955,,,,,,,,,,,,,,,,,,,,,,,,,,,,,,,,,,,,,,,,,,,,,,,,,,,,,,,,,,,,,,,,,,,,
Sines,5281,,,,,,,,,,,,,,,,,,,,,,,,,,,,,,,,,,,,,,,,,,,,,,,,,,,7174,3911,8800,8287,8975,8279,10450,5725,5773,10322,8833,9110,9405,9684,10565,11459,10570,9015,10289,5810,10389,10246,7990,5240,9989,10612,10058,10451,6158,10135,7532,8412,5591,10337,10563,10661,9783,10220,9742,10920,8830,10415,5057,11118,10250,4829,5366,10366,10340,10367,8383,9919,7655,10492,9003,9624,9636,10194,10566,10247,10451,9279,,,,,,
Singapore,,6032,,10897,7107,7013,8250,,,10301,7113,10776,5462,11037,10378,7011,,,,5565,9974,7461,5570,8740,9680,8012,,5615,6881,6348,6189,6211,8476,8341,,10763,10787,,,8016,6021,8759,6711,,7083,,7620,6755,9487,8962,8695,,,,,,,,,,,,,,,,,,,,,,,,,,,,,,,,,,,,,,,,,,,,,,,,,,,,,,,,,,,,,,,,,,,,
Skikda,4397,,,,,,,,,,,,,,,,,,,,,,,,,,,,,,,,,,,,,,,,,,,,,,,,,,,6290,3026,7916,7402,8091,7395,9566,4841,4889,9437,7949,8225,8521,8800,9680,10574,9686,8131,9405,4926,9505,9362,7106,4356,9105,9728,9173,9567,5274,9251,6648,7528,4707,9453,9679,9776,8899,9336,8858,10036,7946,9531,4173,10234,9366,3945,4482,9482,9456,9482,7499,9035,6770,9608,8119,8740,8752,9310,9682,9363,9567,8394,1710,,4194,1437,,
Sodeshi,,8867,,,9942,9848,11086,,,,9949,,8297,,,9847,,,,8400,12809,10296,8405,11575,12515,10847,,8451,9716,9183,9024,9046,11311,11176,,,,,,10851,8856,11594,9547,,9918,,10455,9590,12322,11798,11530,,,,,,,,,,,,,,,,,,,,,,,,,,,,,,,,,,,,,,,,,,,,,,,,,,,,,,,,,,,,,,,,,,,,
Sokhna,,,,,1792,1704,,5373,,,1810,,,,,,6792,,,,4639,2153,,,,,,,,,,,,,,,5467,,5466,2688,,3430,,6763,1778,,,1437,,,,,,,,,,,,,,,,,,,,,,,,,,,,,,,,,,,,,,,,,,,,,,,,,,,,,,,,,,,,,,,,,,,5833,,,,
Soyo,,,,,,,,,,,,,,,,,,,,,,,,,,,,,,,,,,,,,,,,,,,,,,,,,,,,,7413,,,,,,,,,,,,,,,,,,,,,,,,,,,,,,,,,,,,,,,,,,,,,,,,,,,,,,,,,,,,,6106,,8593,5833,,
Swinoujscie,7146,,,,,,,,,,,,,,,,,,,,,,,,,,,,,,,,,,,,,,,,,,,,,,,,,,,9038,5775,10665,10151,10840,10144,12314,7590,7638,12186,10698,10974,11270,11549,12429,,12435,10880,12154,7675,12254,12111,9855,7104,11854,12477,11922,12316,8023,12000,9397,10277,7455,12202,12428,12525,11648,12085,11607,,10694,12280,6922,,12115,6694,7231,12231,12205,12231,10248,11784,9519,12357,10868,11489,11501,12058,12431,12112,12316,11143,,,,,,
Tabangao,,7376,,,8451,8357,9595,,,11646,8458,,6806,,,8356,,,,6909,11318,8805,6914,10084,11024,9356,,6959,8225,7692,7533,7555,9820,9685,,,,,,9360,7365,10103,8055,,8427,,8964,8099,10831,10306,10039,,,,,,,,,,,,,,,,,,,,,,,,,,,,,,,,,,,,,,,,,,,,,,,,,,,,,,,,,,,,,,,,,,,,
Taichung,,7994,,,9069,8975,10212,,,,9075,,7424,,,8973,,,,7527,11936,9422,7532,10702,11642,9974,,7577,8843,8310,8151,8173,10438,10303,,,,,,9978,7983,10721,8673,,9045,,9582,8717,11448,10924,10657,,,,,,,,,,,,,,,,,,,,,,,,,,,,,,,,,,,,,,,,,,,,,,,,,,,,,,,,,,,,,,,,,,,,
Tangguh,,8020,,,9095,9001,10239,,,,9101,,7450,,,8999,,,,7553,11962,9449,7558,10728,11668,10000,,7603,8869,8336,8177,8199,10464,10329,,,,,,10004,8009,10747,8699,,9071,,9608,8743,11475,10950,10683,,,,,,,,,,,,,,,,,,,,,,,,,,,,,,,,,,,,,,,,,,,,,,,,,,,,,,,,,,,,,,,,,,,,
Teesport,6617,,,,,,,,,,,,,,,,,,,,,,,,,,,,,,,,,,,,,,,,,,,,,,,,,,,8510,5247,10137,9623,10312,9615,11786,7062,7110,11658,10169,10446,10741,11021,11901,,11907,10352,11625,7147,11725,11582,9326,6576,11325,11949,11394,11787,7494,11472,8868,9748,6927,11674,11900,11997,11119,11557,11078,12256,10166,11751,6394,,11586,6166,6702,11702,11677,11703,9720,11255,8991,11828,10340,10961,10973,11530,11902,11583,11787,10615,,,,,,
Tobata,,8569,,,9644,9550,10787,,,,9650,,7999,,,9548,,,,8102,12511,9997,8107,11277,12217,10549,,8152,9418,8885,8726,8748,11013,10878,,,,,,10553,8558,11296,9248,,9620,,10157,9292,12023,11499,11232,,,,,,,,,,,,,,,,,,,,,,,,,,,,,,,,,,,,,,,,,,,,,,,,,,,,,,,,,,,,,,,,,,,,
Tokyo,,8942,,,10016,9923,11160,,,,10023,,8372,,,9921,,,,8474,12884,10370,8480,11649,12589,10921,,8525,9790,9257,9098,9120,11385,11251,,,,,,10926,8930,11668,9621,,9992,,10529,9665,12396,11872,11604,,,,,,,,,,,,,,,,,,,,,,,,,,,,,,,,,,,,,,,,,,,,,,,,,,,,,,,,,,,,,,,,,,,,
Yanai,,8622,,,9697,9603,10841,,,,9703,,8052,,,9602,,,,8155,12564,10051,8160,11330,12270,10602,,8205,9471,8938,8779,8801,11066,10931,,,,,,10606,8611,11349,9301,,9673,,10210,9345,12077,11552,11285,,,,,,,,,,,,,,,,,,,,,,,,,,,,,,,,,,,,,,,,,,,,,,,,,,,,,,,,,,,,,,,,,,,,
Yokkaichi,,8824,,,9899,9805,11043,,,,9905,,8254,,,9803,,,,8357,12766,10253,8362,11532,12472,10804,,8407,9673,9140,8981,9003,11268,11133,,,,,,10808,8813,11551,9503,,9875,,10412,9547,12279,11754,11487,,,,,,,,,,,,,,,,,,,,,,,,,,,,,,,,,,,,,,,,,,,,,,,,,,,,,,,,,,,,,,,,,,,,
Yung An,,7654,,,8728,8635,9872,,,,8735,,7084,,,8633,,,,7186,11596,9082,7192,10362,11302,9633,,7237,8502,7969,7810,7832,10097,9963,,,,,,9638,7642,10381,8333,,8704,,9242,8377,11108,10584,10316,,,,,,,,,,,,,,,,,,,,,,,,,,,,,,,,,,,,,,,,,,,,,,,,,,,,,,,,,,,,,,,,,,,,
Zeebrugge,6364,,,,,,,,,,,,,,,,,,,,,,,,,,,,,,,,,,,,,,,,,,,,,,,,,,,8257,4994,9884,9370,10059,9362,11533,6808,6857,11405,9916,10193,10488,10768,11648,,11653,10098,11372,6893,11472,11329,9073,6323,11072,11696,11141,11534,7241,11218,8615,9495,6674,11421,11647,11744,10866,11303,10825,12003,9913,11498,6140,,11333,5913,6449,11449,11423,11450,9466,11002,8738,11575,10086,10708,10720,11277,11649,11330,11534,10362,,,,,,